Genes,,,,,,
Accession,Start,Stop,Gene symbol,Strand,NCBI Gene ID,Name
NZ_CP097881.1,1,1404,dnaA,plus,,
NZ_CP097881.1,1409,2509,dnaN,plus,,
NZ_CP097881.1,2509,3582,recF,plus,,
NZ_CP097881.1,3611,6025,gyrB,plus,,
NZ_CP097881.1,6265,6663,yidB,plus,,
NZ_CP097881.1,6778,7590,yidA,plus,,
NZ_CP097881.1,7636,8292,yidX,minus,,
NZ_CP097881.1,8570,9259,dgoR,plus,,
NZ_CP097881.1,9256,10134,dgoK,plus,,
NZ_CP097881.1,10118,10735,dgoA,plus,,
NZ_CP097881.1,10732,11880,dgoD,plus,,
NZ_CP097881.1,11955,13292,dgoT,plus,,
NZ_CP097881.1,13289,14353,cbrA,minus,,
NZ_CP097881.1,14454,15668,yidR,plus,,
NZ_CP097881.1,15670,16002,yidQ,minus,,
NZ_CP097881.1,16308,16721,ibpA,plus,,
NZ_CP097881.1,16833,17261,ibpB,plus,,
NZ_CP097881.1,17457,19118,yidE,plus,,
NZ_CP097881.1,19115,19831,yidP,minus,,
NZ_CP097881.1,20127,21743,,plus,,
NZ_CP097881.1,21743,22557,,plus,,
NZ_CP097881.1,22554,23447,yidL,minus,,
NZ_CP097881.1,23614,25329,yidK,plus,,
NZ_CP097881.1,25326,26819,yidJ,plus,,
NZ_CP097881.1,26866,27315,yidI,minus,,
NZ_CP097881.1,27423,27770,yidH,plus,,
NZ_CP097881.1,27760,28122,yidG,plus,,
NZ_CP097881.1,28119,28616,yidF,plus,,
NZ_CP097881.1,28624,29808,emrD,minus,,
NZ_CP097881.1,29890,29964,ysdE,plus,,
NZ_CP097881.1,30088,30177,tisB,minus,,
NZ_CP097881.1,30742,30840,ivbL,plus,,
NZ_CP097881.1,30946,32634,ilvB,plus,,
NZ_CP097881.1,32638,32928,ilvN,plus,,
NZ_CP097881.1,33004,33594,uhpA,plus,,
NZ_CP097881.1,33594,35096,uhpB,plus,,
NZ_CP097881.1,35106,36425,uhpC,plus,,
NZ_CP097881.1,36563,37954,uhpT,plus,,
NZ_CP097881.1,38000,39766,adeD,minus,,
NZ_CP097881.1,39941,41275,adeQ,plus,,
NZ_CP097881.1,41328,41780,yicN,plus,,
NZ_CP097881.1,41991,43181,nepI,plus,,
NZ_CP097881.1,43222,43515,yicS,minus,,
NZ_CP097881.1,43737,44555,nlpA,plus,,
NZ_CP097881.1,44559,45482,yicL,minus,,
NZ_CP097881.1,45593,46777,setC,minus,,
NZ_CP097881.1,47174,47335,rhuM,minus,,
NZ_CP097881.1,47414,47508,,minus,,
NZ_CP097881.1,47801,49183,yicJ,plus,,
NZ_CP097881.1,49193,51511,yicI,plus,,
NZ_CP097881.1,51564,53273,yicH,minus,,
NZ_CP097881.1,53394,54785,xanP,minus,,
NZ_CP097881.1,55065,56270,gltS,plus,,
NZ_CP097881.1,56439,58520,recG,minus,,
NZ_CP097881.1,58526,59215,trmH,minus,,
NZ_CP097881.1,59222,61330,spoT,minus,,
NZ_CP097881.1,61349,61624,rpoZ,minus,,
NZ_CP097881.1,61679,62302,gmk,minus,,
NZ_CP097881.1,62560,64242,ligB,plus,,
NZ_CP097881.1,64239,64856,yicG,minus,,
NZ_CP097881.1,65146,65970,dinD,minus,,
NZ_CP097881.1,66191,67054,yicC,minus,,
NZ_CP097881.1,67181,67896,rph,plus,,
NZ_CP097881.1,67962,68603,pyrE,plus,,
NZ_CP097881.1,68640,69236,slmA,minus,,
NZ_CP097881.1,69343,69801,dut,minus,,
NZ_CP097881.1,69779,70999,coaBC,minus,,
NZ_CP097881.1,71171,71839,radC,plus,,
NZ_CP097881.1,72056,72292,rpmB,plus,,
NZ_CP097881.1,72313,72480,rpmG,plus,,
NZ_CP097881.1,72578,73387,mutM,plus,,
NZ_CP097881.1,73426,73905,coaD,minus,,
NZ_CP097881.1,73913,75190,waaA,minus,,
NZ_CP097881.1,75596,76666,rfaQ,plus,,
NZ_CP097881.1,76663,77787,rfaG,plus,,
NZ_CP097881.1,77780,78577,rfaP,plus,,
NZ_CP097881.1,78614,79549,rfaS,plus,,
NZ_CP097881.1,79593,80672,waaB,plus,,
NZ_CP097881.1,80672,81691,waaO,plus,,
NZ_CP097881.1,81731,82747,rfaJ,plus,,
NZ_CP097881.1,82765,83463,rfaY,plus,,
NZ_CP097881.1,83534,84385,waaZ,plus,,
NZ_CP097881.1,84418,85491,waaU,plus,,
NZ_CP097881.1,85523,86782,waaL,minus,,
NZ_CP097881.1,86792,87751,rfaC,minus,,
NZ_CP097881.1,87755,88801,rfaF,minus,,
NZ_CP097881.1,88811,89743,rfaD,minus,,
NZ_CP097881.1,90047,90904,yibB,plus,,
NZ_CP097881.1,91179,92375,kbl,plus,,
NZ_CP097881.1,92385,93410,tdh,plus,,
NZ_CP097881.1,93649,94683,waaH,plus,,
NZ_CP097881.1,94670,95629,yibQ,minus,,
NZ_CP097881.1,95633,96892,envC,minus,,
NZ_CP097881.1,96926,98470,gpmM,minus,,
NZ_CP097881.1,98715,99146,yibN,plus,,
NZ_CP097881.1,99288,99539,grxC,plus,,
NZ_CP097881.1,99602,100069,secB,plus,,
NZ_CP097881.1,100069,101088,gpsA,plus,,
NZ_CP097881.1,101168,101989,cysE,plus,,
NZ_CP097881.1,102042,102515,trmL,minus,,
NZ_CP097881.1,102713,103903,lldD,minus,,
NZ_CP097881.1,103900,104676,lldR,minus,,
NZ_CP097881.1,104676,106331,lldP,minus,,
NZ_CP097881.1,106703,107065,yibL,minus,,
NZ_CP097881.1,107350,107559,yibT,plus,,
NZ_CP097881.1,107571,108158,mtlR,minus,,
NZ_CP097881.1,108158,109306,mtlD,minus,,
NZ_CP097881.1,109536,111449,mtlA,minus,,
NZ_CP097881.1,111986,112348,yibI,plus,,
NZ_CP097881.1,112351,113487,yibH,plus,,
NZ_CP097881.1,113947,114468,,minus,,
NZ_CP097881.1,114840,115058,,minus,,
NZ_CP097881.1,115092,115553,yibG,minus,,
NZ_CP097881.1,115565,116521,,minus,,
NZ_CP097881.1,116551,117393,yibA,minus,,
NZ_CP097881.1,117414,121547,,minus,,
NZ_CP097881.1,121775,122383,yibF,plus,,
NZ_CP097881.1,122481,123872,selA,plus,,
NZ_CP097881.1,123869,125713,selB,plus,,
NZ_CP097881.1,125903,127054,yiaY,plus,,
NZ_CP097881.1,127219,128757,aldB,plus,,
NZ_CP097881.1,128976,129119,,minus,,
NZ_CP097881.1,129302,129625,yiaW,plus,,
NZ_CP097881.1,129631,130767,yiaV,plus,,
NZ_CP097881.1,130764,131738,yiaU,minus,,
NZ_CP097881.1,131862,132602,yiaT,plus,,
NZ_CP097881.1,132624,132812,,minus,,
NZ_CP097881.1,132816,132917,,plus,,
NZ_CP097881.1,132949,133644,araD,minus,,
NZ_CP097881.1,133638,134498,sgbU,minus,,
NZ_CP097881.1,134491,135153,ulaD,minus,,
NZ_CP097881.1,135150,136646,lyxK,minus,,
NZ_CP097881.1,136650,137636,yiaO,minus,,
NZ_CP097881.1,137649,138926,yiaN,minus,,
NZ_CP097881.1,138929,139402,yiaM,minus,,
NZ_CP097881.1,139520,139987,yiaL,minus,,
NZ_CP097881.1,139999,140997,yiaK,minus,,
NZ_CP097881.1,141198,142046,yiaJ,plus,,
NZ_CP097881.1,142148,142621,ysaA,plus,,
NZ_CP097881.1,142772,144025,avtA,minus,,
NZ_CP097881.1,144203,146233,malS,minus,,
NZ_CP097881.1,146553,147377,bax,plus,,
NZ_CP097881.1,147573,148751,xylR,minus,,
NZ_CP097881.1,148829,150010,xylH,minus,,
NZ_CP097881.1,149988,151529,xylG,minus,,
NZ_CP097881.1,151607,152599,xylF,minus,,
NZ_CP097881.1,152965,154287,xylA,plus,,
NZ_CP097881.1,154359,155813,xylB,plus,,
NZ_CP097881.1,155982,156323,yiaB,plus,,
NZ_CP097881.1,156369,156806,yiaA,plus,,
NZ_CP097881.1,156848,157843,wecH,minus,,
NZ_CP097881.1,158018,158317,ysaB,plus,,
NZ_CP097881.1,158412,159323,glyQ,plus,,
NZ_CP097881.1,159333,161402,glyS,plus,,
NZ_CP097881.1,161681,163050,,minus,,
NZ_CP097881.1,163130,163282,hokA,plus,,
NZ_CP097881.1,163259,163330,ysaE,minus,,
NZ_CP097881.1,163469,163681,cspA,minus,,
NZ_CP097881.1,163962,164252,yiaG,minus,,
NZ_CP097881.1,164686,165396,yiaF,plus,,
NZ_CP097881.1,165446,166420,ghrB,minus,,
NZ_CP097881.1,166524,167183,yiaD,minus,,
NZ_CP097881.1,167336,169669,bisC,plus,,
NZ_CP097881.1,169638,170078,yiaC,minus,,
NZ_CP097881.1,170075,170638,tag,minus,,
NZ_CP097881.1,170796,171494,yhjY,plus,,
NZ_CP097881.1,171723,172931,yhjX,plus,,
NZ_CP097881.1,173255,174946,eptB,plus,,
NZ_CP097881.1,175038,175114,,plus,,
NZ_CP097881.1,175149,175282,,plus,,
NZ_CP097881.1,176025,177632,dppA,plus,,
NZ_CP097881.1,177940,178959,dppB,plus,,
NZ_CP097881.1,178969,179871,dppC,plus,,
NZ_CP097881.1,179882,180865,dppD,plus,,
NZ_CP097881.1,180862,181866,dppF,plus,,
NZ_CP097881.1,181896,183167,yhjV,minus,,
NZ_CP097881.1,183643,183750,ldrD,plus,,
NZ_CP097881.1,183837,185516,bcsG,minus,,
NZ_CP097881.1,185513,185704,bcsF,minus,,
NZ_CP097881.1,185701,187272,bcsE,minus,,
NZ_CP097881.1,187545,187733,bcsR,plus,,
NZ_CP097881.1,187769,188497,bcsQ,plus,,
NZ_CP097881.1,188494,191112,bcsA,plus,,
NZ_CP097881.1,191123,193462,bcsB,plus,,
NZ_CP097881.1,193469,194575,bcsZ,plus,,
NZ_CP097881.1,194557,198030,bcsC,plus,,
NZ_CP097881.1,198112,200100,hmsP,plus,,
NZ_CP097881.1,200283,201569,dctA,plus,,
NZ_CP097881.1,201790,203286,yhjJ,plus,,
NZ_CP097881.1,203382,204311,kdgK,minus,,
NZ_CP097881.1,204543,205310,pdeH,plus,,
NZ_CP097881.1,205380,207440,yhjG,plus,,
NZ_CP097881.1,207622,208944,yhjE,minus,,
NZ_CP097881.1,209355,210368,yhjD,minus,,
NZ_CP097881.1,210417,211316,rcdB,minus,,
NZ_CP097881.1,211836,212438,yhjB,plus,,
NZ_CP097881.1,212489,214138,treF,minus,,
NZ_CP097881.1,214542,215939,ccp,plus,,
NZ_CP097881.1,216150,217550,gadA,plus,,
NZ_CP097881.1,217920,218744,gadX,plus,,
NZ_CP097881.1,219112,219840,gadW,plus,,
NZ_CP097881.1,220203,223316,mdtF,minus,,
NZ_CP097881.1,223341,224450,mdtE,minus,,
NZ_CP097881.1,224558,224836,,plus,,
NZ_CP097881.1,224837,225364,gadE,minus,,
NZ_CP097881.1,226163,226735,hdeD,minus,,
NZ_CP097881.1,226990,227322,hdeA,plus,,
NZ_CP097881.1,227438,227764,hdeB,plus,,
NZ_CP097881.1,227828,228475,yhiD,plus,,
NZ_CP097881.1,228517,229047,dctR,minus,,
NZ_CP097881.1,229203,229769,slp,minus,,
NZ_CP097881.1,230124,230502,,minus,,
NZ_CP097881.1,230568,231548,,plus,,
NZ_CP097881.1,231693,232439,,minus,,
NZ_CP097881.1,233068,233493,arsC,minus,,
NZ_CP097881.1,233506,234795,arsB,minus,,
NZ_CP097881.1,234849,235202,arsR,minus,,
NZ_CP097881.1,235942,236025,dinQ,plus,,
NZ_CP097881.1,236079,237431,gorA,minus,,
NZ_CP097881.1,237503,238345,rlmJ,minus,,
NZ_CP097881.1,238548,240590,prlC,plus,,
NZ_CP097881.1,240598,241350,rsmJ,plus,,
NZ_CP097881.1,241399,242868,dtpB,minus,,
NZ_CP097881.1,243034,243087,,plus,,
NZ_CP097881.1,243065,243118,,plus,,
NZ_CP097881.1,243185,243619,uspA,minus,,
NZ_CP097881.1,244010,244345,uspB,plus,,
NZ_CP097881.1,244589,246088,pitA,minus,,
NZ_CP097881.1,246320,247522,yhiN,plus,,
NZ_CP097881.1,247837,248889,yhiM,minus,,
NZ_CP097881.1,249272,250878,,plus,,
NZ_CP097881.1,251140,252762,,plus,,
NZ_CP097881.1,252952,253065,yhiY,plus,,
NZ_CP097881.1,253128,254195,yhiI,plus,,
NZ_CP097881.1,254192,256927,rbbA,plus,,
NZ_CP097881.1,256927,258051,yhhJ,plus,,
NZ_CP097881.1,258216,259352,yhhI,minus,,
NZ_CP097881.1,259493,259843,,minus,,
NZ_CP097881.1,259948,260331,yhhH,minus,,
NZ_CP097881.1,260303,264538,rhsB,minus,,
NZ_CP097881.1,264741,265142,nikR,minus,,
NZ_CP097881.1,265148,265954,nikE,minus,,
NZ_CP097881.1,265951,266715,nikD,minus,,
NZ_CP097881.1,266715,267548,nikC,minus,,
NZ_CP097881.1,267545,268489,nikB,minus,,
NZ_CP097881.1,268489,270063,nikA,minus,,
NZ_CP097881.1,270174,270761,acpT,minus,,
NZ_CP097881.1,270816,271865,yhhT,minus,,
NZ_CP097881.1,271997,273214,yhhS,plus,,
NZ_CP097881.1,273218,273775,dcrB,minus,,
NZ_CP097881.1,273848,274513,yhhQ,minus,,
NZ_CP097881.1,274734,274979,tusA,plus,,
NZ_CP097881.1,275081,277279,zntA,minus,,
NZ_CP097881.1,277353,277979,yhhN,minus,,
NZ_CP097881.1,278120,278479,yhhM,plus,,
NZ_CP097881.1,278482,278751,yhhL,minus,,
NZ_CP097881.1,278741,279337,rsmD,minus,,
NZ_CP097881.1,279487,280980,ftsY,plus,,
NZ_CP097881.1,280983,281651,ftsE,plus,,
NZ_CP097881.1,281644,282702,ftsX,plus,,
NZ_CP097881.1,282947,283801,rpoH,plus,,
NZ_CP097881.1,284072,285175,livJ,plus,,
NZ_CP097881.1,285363,285746,panM,minus,,
NZ_CP097881.1,286170,287279,livK,plus,,
NZ_CP097881.1,287327,288253,livH,plus,,
NZ_CP097881.1,288250,289527,livM,plus,,
NZ_CP097881.1,289524,290291,livG,plus,,
NZ_CP097881.1,290293,291006,livF,plus,,
NZ_CP097881.1,291405,292721,ugpB,plus,,
NZ_CP097881.1,292819,293706,ugpA,plus,,
NZ_CP097881.1,293703,294548,ugpE,plus,,
NZ_CP097881.1,294550,295620,ugpC,plus,,
NZ_CP097881.1,295617,296360,ugpQ,plus,,
NZ_CP097881.1,296347,296787,yhhA,minus,,
NZ_CP097881.1,296907,298649,ggt,plus,,
NZ_CP097881.1,298687,298971,yrhB,minus,,
NZ_CP097881.1,299171,299326,yrhD,minus,,
NZ_CP097881.1,299550,300247,,minus,,
NZ_CP097881.1,300276,300692,,minus,,
NZ_CP097881.1,300689,301867,tssD,minus,,
NZ_CP097881.1,302104,302592,yhhY,minus,,
NZ_CP097881.1,302925,303962,yhhX,plus,,
NZ_CP097881.1,304085,304780,yhhW,plus,,
NZ_CP097881.1,305004,305999,gntR,plus,,
NZ_CP097881.1,306138,306665,gntK,plus,,
NZ_CP097881.1,306669,308009,gntU,plus,,
NZ_CP097881.1,308066,308659,yhgN,minus,,
NZ_CP097881.1,308852,309955,asd,plus,,
NZ_CP097881.1,310228,312414,glgB,plus,,
NZ_CP097881.1,312411,314384,glgX,plus,,
NZ_CP097881.1,314402,315697,glgC,plus,,
NZ_CP097881.1,315697,317130,glgA,plus,,
NZ_CP097881.1,317149,319596,glgP,plus,,
NZ_CP097881.1,319722,319943,yzgL,plus,,
NZ_CP097881.1,320212,321717,glpD,minus,,
NZ_CP097881.1,321907,322233,glpE,plus,,
NZ_CP097881.1,322278,323108,glpG,plus,,
NZ_CP097881.1,323125,323883,,plus,,
NZ_CP097881.1,323865,325463,rtcR,minus,,
NZ_CP097881.1,325652,326878,rtcB,plus,,
NZ_CP097881.1,326882,327898,rtcA,plus,,
NZ_CP097881.1,327941,330646,malT,minus,,
NZ_CP097881.1,331258,333651,malP,plus,,
NZ_CP097881.1,333661,335745,malQ,plus,,
NZ_CP097881.1,335856,337172,gntT,minus,,
NZ_CP097881.1,337532,338107,nfuA,minus,,
NZ_CP097881.1,338166,338849,gntX,minus,,
NZ_CP097881.1,338887,339657,bioH,plus,,
NZ_CP097881.1,339686,340564,rpnA,minus,,
NZ_CP097881.1,340767,341003,feoC,minus,,
NZ_CP097881.1,341003,343324,feoB,minus,,
NZ_CP097881.1,343341,343568,feoA,minus,,
NZ_CP097881.1,344025,346346,yhgF,minus,,
NZ_CP097881.1,346443,346919,greB,minus,,
NZ_CP097881.1,347147,347866,ompR,plus,,
NZ_CP097881.1,347863,349215,envZ,plus,,
NZ_CP097881.1,349291,350913,pckA,minus,,
NZ_CP097881.1,351292,353016,yhgE,plus,,
NZ_CP097881.1,353079,353957,hslO,minus,,
NZ_CP097881.1,353982,354383,hslR,minus,,
NZ_CP097881.1,354394,355062,yrfG,minus,,
NZ_CP097881.1,355127,357262,igaA,minus,,
NZ_CP097881.1,357582,358142,nudE,plus,,
NZ_CP097881.1,358308,360860,mrcA,minus,,
NZ_CP097881.1,360980,361759,hofM,plus,,
NZ_CP097881.1,361759,362298,hofN,plus,,
NZ_CP097881.1,362282,362722,hofO,plus,,
NZ_CP097881.1,362712,363116,hofP,plus,,
NZ_CP097881.1,363028,364266,hofQ,plus,,
NZ_CP097881.1,364667,365188,aroK,plus,,
NZ_CP097881.1,365245,366333,aroB,plus,,
NZ_CP097881.1,366425,367711,damX,plus,,
NZ_CP097881.1,367818,368654,dam,plus,,
NZ_CP097881.1,368672,369349,rpe,plus,,
NZ_CP097881.1,369342,370100,gph,plus,,
NZ_CP097881.1,370093,371097,trpS,plus,,
NZ_CP097881.1,371387,372292,yhfZ,plus,,
NZ_CP097881.1,372309,372671,yhfY,plus,,
NZ_CP097881.1,372755,373918,yhfX,plus,,
NZ_CP097881.1,373918,375144,yhfW,plus,,
NZ_CP097881.1,375141,376019,php,plus,,
NZ_CP097881.1,376030,376383,yhfU,plus,,
NZ_CP097881.1,376395,377699,yhfT,plus,,
NZ_CP097881.1,377711,378796,yhfS,plus,,
NZ_CP097881.1,378948,379679,frlR,minus,,
NZ_CP097881.1,379779,380564,frlD,minus,,
NZ_CP097881.1,380561,381391,frlC,minus,,
NZ_CP097881.1,381441,382463,frlB,minus,,
NZ_CP097881.1,382484,383821,frlA,minus,,
NZ_CP097881.1,384116,384283,yhfL,minus,,
NZ_CP097881.1,384530,385903,cysG,minus,,
NZ_CP097881.1,385922,386728,nirC,minus,,
NZ_CP097881.1,386854,387180,nirD,minus,,
NZ_CP097881.1,387177,389720,nirB,minus,,
NZ_CP097881.1,389982,391163,tsgA,minus,,
NZ_CP097881.1,391434,392006,ppiA,plus,,
NZ_CP097881.1,392111,392278,yhfG,plus,,
NZ_CP097881.1,392268,392870,fic,plus,,
NZ_CP097881.1,392902,393465,pabA,plus,,
NZ_CP097881.1,393551,394771,argD,plus,,
NZ_CP097881.1,394838,396928,yhfK,minus,,
NZ_CP097881.1,396979,397611,crp,minus,,
NZ_CP097881.1,397913,398317,yhfA,plus,,
NZ_CP097881.1,398372,399241,prkB,minus,,
NZ_CP097881.1,399295,399513,yheU,minus,,
NZ_CP097881.1,399507,400529,yheT,minus,,
NZ_CP097881.1,400529,402442,yheS,minus,,
NZ_CP097881.1,402573,403124,kefG,plus,,
NZ_CP097881.1,403124,404929,kefB,plus,,
NZ_CP097881.1,404939,405139,yheV,plus,,
NZ_CP097881.1,405234,405824,slyD,plus,,
NZ_CP097881.1,405873,406091,slyX,minus,,
NZ_CP097881.1,406312,407124,fkpA,plus,,
NZ_CP097881.1,407291,408013,yheO,plus,,
NZ_CP097881.1,408013,408399,tusD,plus,,
NZ_CP097881.1,408399,408758,tusC,plus,,
NZ_CP097881.1,408766,409053,tusB,plus,,
NZ_CP097881.1,409179,409553,rpsL,plus,,
NZ_CP097881.1,409650,410117,rpsG,plus,,
NZ_CP097881.1,410217,412331,fusA,plus,,
NZ_CP097881.1,412402,413586,tuf,plus,,
NZ_CP097881.1,413878,416571,chiA,plus,,
NZ_CP097881.1,416740,416934,bfd,plus,,
NZ_CP097881.1,417006,417482,bfr,plus,,
NZ_CP097881.1,417511,418188,gspO,minus,,
NZ_CP097881.1,418188,418649,gspM,minus,,
NZ_CP097881.1,418646,419809,gspL,minus,,
NZ_CP097881.1,419824,420807,gspK,minus,,
NZ_CP097881.1,420800,421387,gspJ,minus,,
NZ_CP097881.1,421380,421757,gspI,minus,,
NZ_CP097881.1,421754,422263,gspH,minus,,
NZ_CP097881.1,422271,422708,gspG,minus,,
NZ_CP097881.1,422718,423914,gspF,minus,,
NZ_CP097881.1,423911,425392,gspE,minus,,
NZ_CP097881.1,425402,427354,gspD,minus,,
NZ_CP097881.1,427338,428153,gspC,minus,,
NZ_CP097881.1,428333,429802,gspA,plus,,
NZ_CP097881.1,429804,430223,gspB,plus,,
NZ_CP097881.1,430461,430772,rpsJ,plus,,
NZ_CP097881.1,430805,431434,rplC,plus,,
NZ_CP097881.1,431445,432050,rplD,plus,,
NZ_CP097881.1,432047,432349,rplW,plus,,
NZ_CP097881.1,432367,433188,rplB,plus,,
NZ_CP097881.1,433205,433483,rpsS,plus,,
NZ_CP097881.1,433498,433830,rplV,plus,,
NZ_CP097881.1,433848,434549,rpsC,plus,,
NZ_CP097881.1,434562,434972,rplP,plus,,
NZ_CP097881.1,434972,435163,rpmC,plus,,
NZ_CP097881.1,435163,435417,rpsQ,plus,,
NZ_CP097881.1,435582,435953,rplN,plus,,
NZ_CP097881.1,435964,436278,rplX,plus,,
NZ_CP097881.1,436293,436832,rplE,plus,,
NZ_CP097881.1,436847,437152,rpsN,plus,,
NZ_CP097881.1,437186,437578,rpsH,plus,,
NZ_CP097881.1,437591,438124,rplF,plus,,
NZ_CP097881.1,438134,438487,rplR,plus,,
NZ_CP097881.1,438502,439005,rpsE,plus,,
NZ_CP097881.1,439009,439188,rpmD,plus,,
NZ_CP097881.1,439192,439626,rplO,plus,,
NZ_CP097881.1,439634,440965,secY,plus,,
NZ_CP097881.1,440997,441113,rpmJ,plus,,
NZ_CP097881.1,441260,441616,rpsM,plus,,
NZ_CP097881.1,441633,442022,rpsK,plus,,
NZ_CP097881.1,442056,442676,rpsD,plus,,
NZ_CP097881.1,442702,443691,rpoA,plus,,
NZ_CP097881.1,443732,444115,rplQ,plus,,
NZ_CP097881.1,444222,444590,yhdN,plus,,
NZ_CP097881.1,444601,445026,zntR,plus,,
NZ_CP097881.1,445082,445300,arfA,plus,,
NZ_CP097881.1,445297,445707,mscL,minus,,
NZ_CP097881.1,445837,447213,trkA,minus,,
NZ_CP097881.1,447235,448524,rsmB,minus,,
NZ_CP097881.1,448570,449517,fmt,minus,,
NZ_CP097881.1,449532,450041,def,minus,,
NZ_CP097881.1,450171,451295,dprA,plus,,
NZ_CP097881.1,451267,451740,smg,plus,,
NZ_CP097881.1,451769,452311,yrdD,plus,,
NZ_CP097881.1,452316,452888,tsaC,plus,,
NZ_CP097881.1,452893,453711,aroE,plus,,
NZ_CP097881.1,453708,453965,yrdB,plus,,
NZ_CP097881.1,453941,454495,yrdA,minus,,
NZ_CP097881.1,454969,456510,,plus,,
NZ_CP097881.1,456579,456655,,plus,,
NZ_CP097881.1,456698,456773,,plus,,
NZ_CP097881.1,456948,459851,,plus,,
NZ_CP097881.1,459946,460061,rrf,plus,,
NZ_CP097881.1,460076,460151,,plus,,
NZ_CP097881.1,460191,460306,rrf,plus,,
NZ_CP097881.1,460537,461295,yhdZ,minus,,
NZ_CP097881.1,461303,462406,yhdY,minus,,
NZ_CP097881.1,462416,463597,yhdX,minus,,
NZ_CP097881.1,463665,464689,,minus,,
NZ_CP097881.1,465120,465341,,minus,,
NZ_CP097881.1,465594,468698,acrF,minus,,
NZ_CP097881.1,468710,469867,acrE,minus,,
NZ_CP097881.1,470266,470928,acrS,plus,,
NZ_CP097881.1,470931,471110,yhdU,minus,,
NZ_CP097881.1,471194,472078,yhdJ,minus,,
NZ_CP097881.1,472164,472460,fis,minus,,
NZ_CP097881.1,472486,473451,dusB,minus,,
NZ_CP097881.1,473780,474661,prmA,minus,,
NZ_CP097881.1,474673,476124,panF,minus,,
NZ_CP097881.1,476114,476356,yhdT,minus,,
NZ_CP097881.1,476465,477814,accC,minus,,
NZ_CP097881.1,477825,478295,accB,minus,,
NZ_CP097881.1,479273,480247,yhdH,minus,,
NZ_CP097881.1,480399,482339,csrD,plus,,
NZ_CP097881.1,482644,483687,mreB,plus,,
NZ_CP097881.1,483753,484856,mreC,plus,,
NZ_CP097881.1,484856,485344,mreD,plus,,
NZ_CP097881.1,485353,485946,yhdE,plus,,
NZ_CP097881.1,485936,487405,rng,plus,,
NZ_CP097881.1,487473,491273,yhdP,plus,,
NZ_CP097881.1,491703,493148,tldD,plus,,
NZ_CP097881.1,493282,494211,aaeR,minus,,
NZ_CP097881.1,494394,494597,aaeX,plus,,
NZ_CP097881.1,494605,495537,aaeA,plus,,
NZ_CP097881.1,495543,497510,aaeB,plus,,
NZ_CP097881.1,497602,497874,yhcO,plus,,
NZ_CP097881.1,497930,498193,yhcN,minus,,
NZ_CP097881.1,498558,499028,argR,minus,,
NZ_CP097881.1,499463,500401,mdh,plus,,
NZ_CP097881.1,500464,501531,degS,minus,,
NZ_CP097881.1,501621,502988,degQ,minus,,
NZ_CP097881.1,503142,503540,zapG,minus,,
NZ_CP097881.1,503734,504861,zapE,plus,,
NZ_CP097881.1,505080,505508,rplM,plus,,
NZ_CP097881.1,505524,505916,rpsI,plus,,
NZ_CP097881.1,506311,506949,sspA,plus,,
NZ_CP097881.1,506955,507452,sspB,plus,,
NZ_CP097881.1,507495,508862,dcuC,minus,,
NZ_CP097881.1,509242,510033,nanR,plus,,
NZ_CP097881.1,510155,511048,nanA,plus,,
NZ_CP097881.1,511157,512647,nanT,plus,,
NZ_CP097881.1,512695,513384,nanE,plus,,
NZ_CP097881.1,513381,514256,nanK,plus,,
NZ_CP097881.1,514253,514717,nanQ,plus,,
NZ_CP097881.1,514777,515904,yhcG,minus,,
NZ_CP097881.1,516089,516805,yhcF,minus,,
NZ_CP097881.1,516802,516981,,minus,,
NZ_CP097881.1,517049,518029,,plus,,
NZ_CP097881.1,518163,518546,,minus,,
NZ_CP097881.1,518543,520924,yhcD,minus,,
NZ_CP097881.1,520945,521619,yhcA,minus,,
NZ_CP097881.1,521791,522555,gltF,minus,,
NZ_CP097881.1,523115,524533,gltD,minus,,
NZ_CP097881.1,524546,529006,gltB,minus,,
NZ_CP097881.1,529681,530610,yhcC,plus,,
NZ_CP097881.1,530706,533042,arcB,plus,,
NZ_CP097881.1,533272,533925,elbB,plus,,
NZ_CP097881.1,533922,534650,mtgA,plus,,
NZ_CP097881.1,534647,535279,yrbL,minus,,
NZ_CP097881.1,535493,535765,npr,minus,,
NZ_CP097881.1,535762,536616,rapZ,minus,,
NZ_CP097881.1,536662,537153,ptsN,minus,,
NZ_CP097881.1,537271,537558,hpf,minus,,
NZ_CP097881.1,537581,539014,rpoN,minus,,
NZ_CP097881.1,539062,539787,lptB,minus,,
NZ_CP097881.1,539794,540351,lptA,minus,,
NZ_CP097881.1,540320,540895,lptC,minus,,
NZ_CP097881.1,540892,541458,kdsC,minus,,
NZ_CP097881.1,541479,542465,kdsD,minus,,
NZ_CP097881.1,542479,543456,yrbG,minus,,
NZ_CP097881.1,543666,544475,mlaF,plus,,
NZ_CP097881.1,544483,545265,mlaE,plus,,
NZ_CP097881.1,545270,545821,mlaD,plus,,
NZ_CP097881.1,545840,546475,mlaC,plus,,
NZ_CP097881.1,546475,546768,mlaB,plus,,
NZ_CP097881.1,546928,547182,ibaG,plus,,
NZ_CP097881.1,547237,548496,murA,plus,,
NZ_CP097881.1,548544,548822,sfsB,minus,,
NZ_CP097881.1,549050,550021,ispB,minus,,
NZ_CP097881.1,550280,550591,rplU,plus,,
NZ_CP097881.1,550612,550869,rpmA,plus,,
NZ_CP097881.1,550996,551961,yhbE,plus,,
NZ_CP097881.1,551977,553149,cgtA,plus,,
NZ_CP097881.1,553335,554768,dacB,minus,,
NZ_CP097881.1,555016,555492,greA,plus,,
NZ_CP097881.1,555648,555941,yhbY,minus,,
NZ_CP097881.1,556067,556696,rlmE,plus,,
NZ_CP097881.1,556796,558730,ftsH,plus,,
NZ_CP097881.1,558820,559668,folP,plus,,
NZ_CP097881.1,559661,560998,glmM,plus,,
NZ_CP097881.1,561226,561558,secG,plus,,
NZ_CP097881.1,561573,561659,,plus,,
NZ_CP097881.1,562118,563743,yhbX,plus,,
NZ_CP097881.1,563751,565094,argG,minus,,
NZ_CP097881.1,565442,565518,,plus,,
NZ_CP097881.1,565725,566177,rimP,plus,,
NZ_CP097881.1,566205,567692,nusA,plus,,
NZ_CP097881.1,567717,570389,infB,plus,,
NZ_CP097881.1,570553,570954,rbfA,plus,,
NZ_CP097881.1,570954,571898,truB,plus,,
NZ_CP097881.1,572047,572316,rpsO,plus,,
NZ_CP097881.1,572563,574698,pnp,plus,,
NZ_CP097881.1,574807,575691,nlpI,plus,,
NZ_CP097881.1,575798,575878,yrbN,plus,,
NZ_CP097881.1,575871,577760,deaD,plus,,
NZ_CP097881.1,577914,579158,mtr,plus,,
NZ_CP097881.1,579276,580283,yhbW,minus,,
NZ_CP097881.1,580364,581242,ubiV,minus,,
NZ_CP097881.1,581251,582246,ubiU,minus,,
NZ_CP097881.1,582455,582979,ubiT,plus,,
NZ_CP097881.1,582973,583476,yhbS,plus,,
NZ_CP097881.1,583463,583765,yhbQ,minus,,
NZ_CP097881.1,583816,584259,yhbP,plus,,
NZ_CP097881.1,584239,584757,yhbO,minus,,
NZ_CP097881.1,584885,585520,yraR,plus,,
NZ_CP097881.1,585593,586633,yraQ,plus,,
NZ_CP097881.1,586747,587322,dolP,minus,,
NZ_CP097881.1,587332,587922,diaA,minus,,
NZ_CP097881.1,587942,588337,yraN,minus,,
NZ_CP097881.1,588295,590331,lpoA,minus,,
NZ_CP097881.1,590396,591256,rsmI,plus,,
NZ_CP097881.1,591299,592390,yraK,minus,,
NZ_CP097881.1,592401,594917,yraJ,minus,,
NZ_CP097881.1,594946,595641,yraI,minus,,
NZ_CP097881.1,595721,596305,yraH,minus,,
NZ_CP097881.1,596706,597461,agaI,minus,,
NZ_CP097881.1,597462,598253,agaD,minus,,
NZ_CP097881.1,598243,599046,agaC,minus,,
NZ_CP097881.1,599085,599561,agaB,minus,,
NZ_CP097881.1,599728,600588,kbaY,minus,,
NZ_CP097881.1,600601,601755,agaS,minus,,
NZ_CP097881.1,602106,602663,,minus,,
NZ_CP097881.1,602656,603030,,minus,,
NZ_CP097881.1,603041,603514,agaV,minus,,
NZ_CP097881.1,603537,604817,kbaZ,minus,,
NZ_CP097881.1,605066,605875,agaR,plus,,
NZ_CP097881.1,605930,606394,yhaV,minus,,
NZ_CP097881.1,606394,606729,prlF,minus,,
NZ_CP097881.1,606878,608449,garD,minus,,
NZ_CP097881.1,608824,610158,garP,plus,,
NZ_CP097881.1,610174,610944,garL,plus,,
NZ_CP097881.1,610974,611864,garR,plus,,
NZ_CP097881.1,611961,613106,garK,plus,,
NZ_CP097881.1,613139,613515,rnpB,plus,,
NZ_CP097881.1,614129,615316,yhaC,minus,,
NZ_CP097881.1,615338,615877,yhaB,minus,,
NZ_CP097881.1,616133,616351,tdcR,minus,,
NZ_CP097881.1,616666,617604,tdcA,plus,,
NZ_CP097881.1,617703,618692,tdcB,plus,,
NZ_CP097881.1,618714,620045,tdcC,plus,,
NZ_CP097881.1,620071,621279,tdcD,plus,,
NZ_CP097881.1,621313,623607,tdcE,plus,,
NZ_CP097881.1,623621,624010,tdcF,plus,,
NZ_CP097881.1,624082,625446,tdcG,plus,,
NZ_CP097881.1,625721,627052,cyuP,plus,,
NZ_CP097881.1,627080,628390,cyuA,plus,,
NZ_CP097881.1,628524,628688,yhaL,minus,,
NZ_CP097881.1,628711,629412,yhaK,minus,,
NZ_CP097881.1,629517,630413,yhaJ,plus,,
NZ_CP097881.1,630464,630820,yhaI,minus,,
NZ_CP097881.1,631062,631427,yhaH,minus,,
NZ_CP097881.1,631721,632707,yqjG,minus,,
NZ_CP097881.1,632777,633169,yqjF,minus,,
NZ_CP097881.1,633355,633654,yqjK,minus,,
NZ_CP097881.1,633644,634048,yqjE,minus,,
NZ_CP097881.1,634051,634356,yqjD,minus,,
NZ_CP097881.1,634394,634762,yqjC,minus,,
NZ_CP097881.1,634909,635292,mzrA,minus,,
NZ_CP097881.1,635296,635958,yqjA,minus,,
NZ_CP097881.1,635980,636063,yqiM,minus,,
NZ_CP097881.1,636303,637079,exuR,minus,,
NZ_CP097881.1,637209,638507,exuT,minus,,
NZ_CP097881.1,638990,640402,uxaC,plus,,
NZ_CP097881.1,640417,641904,uxaA,plus,,
NZ_CP097881.1,641987,642538,ygjV,plus,,
NZ_CP097881.1,642543,643787,sstT,minus,,
NZ_CP097881.1,644186,645151,alx,minus,,
NZ_CP097881.1,645434,646420,ygjR,minus,,
NZ_CP097881.1,646499,647191,ygjQ,minus,,
NZ_CP097881.1,647268,647771,ygjP,minus,,
NZ_CP097881.1,647856,648992,rlmG,plus,,
NZ_CP097881.1,649276,649590,higB,plus,,
NZ_CP097881.1,649587,650003,higA,plus,,
NZ_CP097881.1,650048,652066,fadH,minus,,
NZ_CP097881.1,652492,654843,ygjK,minus,,
NZ_CP097881.1,654860,655930,ygjJ,minus,,
NZ_CP097881.1,656064,657497,ygjI,minus,,
NZ_CP097881.1,657560,658009,ebgC,minus,,
NZ_CP097881.1,658006,661098,ebgA,minus,,
NZ_CP097881.1,661282,662265,ebgR,minus,,
NZ_CP097881.1,662484,662816,ygjH,plus,,
NZ_CP097881.1,662858,664237,ygjG,minus,,
NZ_CP097881.1,664655,666175,aer,plus,,
NZ_CP097881.1,666329,666952,nfeR,minus,,
NZ_CP097881.1,667240,668004,nfeF,plus,,
NZ_CP097881.1,668058,668133,,minus,,
NZ_CP097881.1,668258,668764,mug,plus,,
NZ_CP097881.1,668843,670684,rpoD,minus,,
NZ_CP097881.1,670879,672624,dnaG,minus,,
NZ_CP097881.1,672735,672950,rpsU,minus,,
NZ_CP097881.1,673188,674201,tsaD,plus,,
NZ_CP097881.1,674244,675707,ttdT,minus,,
NZ_CP097881.1,675755,676360,ttdB,minus,,
NZ_CP097881.1,676357,677268,ttdA,minus,,
NZ_CP097881.1,677475,678407,ttdR,plus,,
NZ_CP097881.1,678420,679037,plsY,minus,,
NZ_CP097881.1,679142,679510,folB,plus,,
NZ_CP097881.1,679600,680421,bacA,plus,,
NZ_CP097881.1,680602,681840,cca,minus,,
NZ_CP097881.1,681904,682524,ygiM,minus,,
NZ_CP097881.1,682766,684067,ygiF,plus,,
NZ_CP097881.1,684090,686930,glnE,plus,,
NZ_CP097881.1,686978,688409,hldE,plus,,
NZ_CP097881.1,688529,688588,ibsE,minus,,
NZ_CP097881.1,688904,688963,,minus,,
NZ_CP097881.1,689204,690865,yqiK,minus,,
NZ_CP097881.1,690892,691521,yqiJ,minus,,
NZ_CP097881.1,691790,691990,glgS,plus,,
NZ_CP097881.1,692033,693097,yqiI,minus,,
NZ_CP097881.1,693099,693848,yqiH,minus,,
NZ_CP097881.1,693864,696329,,minus,,
NZ_CP097881.1,696314,697542,,minus,,
NZ_CP097881.1,697764,698315,ygiL,minus,,
NZ_CP097881.1,698599,698889,ubiK,minus,,
NZ_CP097881.1,699263,699916,ribB,plus,,
NZ_CP097881.1,700178,700348,yqiD,plus,,
NZ_CP097881.1,700406,701179,zupT,minus,,
NZ_CP097881.1,701322,702110,ygiD,plus,,
NZ_CP097881.1,702148,703308,ygiC,minus,,
NZ_CP097881.1,703314,703985,ygiB,minus,,
NZ_CP097881.1,704133,705614,tolC,minus,,
NZ_CP097881.1,705819,706448,nudF,plus,,
NZ_CP097881.1,706449,706871,yqiB,plus,,
NZ_CP097881.1,706896,707723,cpdA,plus,,
NZ_CP097881.1,707723,708304,yqiA,plus,,
NZ_CP097881.1,708333,710225,parE,plus,,
NZ_CP097881.1,710273,710587,ygiN,minus,,
NZ_CP097881.1,710618,711199,mdaB,minus,,
NZ_CP097881.1,711518,711850,ygiZ,plus,,
NZ_CP097881.1,711896,713245,qseC,minus,,
NZ_CP097881.1,713242,713901,qseB,minus,,
NZ_CP097881.1,714053,714445,ygiW,plus,,
NZ_CP097881.1,714498,714980,ygiV,plus,,
NZ_CP097881.1,715185,715481,mqsR,plus,,
NZ_CP097881.1,715483,715878,mqsA,plus,,
NZ_CP097881.1,716011,717618,ygiS,plus,,
NZ_CP097881.1,717756,720014,parC,plus,,
NZ_CP097881.1,720248,720985,plsC,plus,,
NZ_CP097881.1,721060,722472,ftsP,plus,,
NZ_CP097881.1,722583,724802,ygiQ,plus,,
NZ_CP097881.1,724845,725102,yqhH,minus,,
NZ_CP097881.1,725153,726079,yqhG,minus,,
NZ_CP097881.1,726279,727106,dkgA,minus,,
NZ_CP097881.1,727211,728374,yqhD,minus,,
NZ_CP097881.1,728568,729467,yqhC,plus,,
NZ_CP097881.1,729507,730166,yghB,minus,,
NZ_CP097881.1,730306,731493,metC,minus,,
NZ_CP097881.1,731745,732479,exbB,plus,,
NZ_CP097881.1,732486,732911,exbD,plus,,
NZ_CP097881.1,733183,734067,yghA,minus,,
NZ_CP097881.1,734258,734752,yqhA,plus,,
NZ_CP097881.1,734792,735832,gpr,minus,,
NZ_CP097881.1,735989,736873,yghX,plus,,
NZ_CP097881.1,736992,737279,yghW,plus,,
NZ_CP097881.1,737468,738586,hybO,plus,,
NZ_CP097881.1,738589,739575,hybA,plus,,
NZ_CP097881.1,739565,740743,hybB,plus,,
NZ_CP097881.1,740740,742443,hybC,plus,,
NZ_CP097881.1,742443,742937,hybD,plus,,
NZ_CP097881.1,742930,743418,hybE,plus,,
NZ_CP097881.1,743411,743752,hypA,plus,,
NZ_CP097881.1,743765,744013,hybG,plus,,
NZ_CP097881.1,744136,745002,yghU,minus,,
NZ_CP097881.1,745207,747066,gss,plus,,
NZ_CP097881.1,747358,748857,pitB,plus,,
NZ_CP097881.1,748906,749598,yghT,minus,,
NZ_CP097881.1,749772,750485,yghS,plus,,
NZ_CP097881.1,750517,751275,,plus,,
NZ_CP097881.1,751321,752385,yghQ,plus,,
NZ_CP097881.1,752535,753515,,minus,,
NZ_CP097881.1,753550,754686,yghO,plus,,
NZ_CP097881.1,754693,755457,glcC,minus,,
NZ_CP097881.1,755708,757207,glcD,plus,,
NZ_CP097881.1,757207,758259,glcE,plus,,
NZ_CP097881.1,758270,759493,glcF,plus,,
NZ_CP097881.1,759498,759902,glcG,plus,,
NZ_CP097881.1,759924,762095,glcB,plus,,
NZ_CP097881.1,762450,764132,glcA,plus,,
NZ_CP097881.1,764617,769179,sslE,plus,,
NZ_CP097881.1,769377,770186,pppA,plus,,
NZ_CP097881.1,770252,770662,gspS2,plus,,
NZ_CP097881.1,770680,771675,gspC,plus,,
NZ_CP097881.1,771627,772601,gspL,plus,,
NZ_CP097881.1,772603,773139,yghD,plus,,
NZ_CP097881.1,773288,773363,,minus,,
NZ_CP097881.1,773469,774176,yqgA,minus,,
NZ_CP097881.1,774329,774412,yqgH,plus,,
NZ_CP097881.1,774574,776709,speC,plus,,
NZ_CP097881.1,776759,778015,nupG,minus,,
NZ_CP097881.1,778217,779296,mltC,minus,,
NZ_CP097881.1,779361,779636,yggX,minus,,
NZ_CP097881.1,779664,780716,mutY,minus,,
NZ_CP097881.1,780877,781596,trmB,plus,,
NZ_CP097881.1,781596,781922,yggL,plus,,
NZ_CP097881.1,782106,782825,yggN,plus,,
NZ_CP097881.1,783001,784047,ansB,plus,,
NZ_CP097881.1,784164,785171,yggM,plus,,
NZ_CP097881.1,785326,786462,hemW,minus,,
NZ_CP097881.1,786455,787048,rdgB,minus,,
NZ_CP097881.1,787056,787346,yggU,minus,,
NZ_CP097881.1,787343,787909,yggT,minus,,
NZ_CP097881.1,787927,788631,yggS,minus,,
NZ_CP097881.1,788649,789629,yggR,plus,,
NZ_CP097881.1,789813,790229,ruvX,minus,,
NZ_CP097881.1,790229,790792,yqgE,minus,,
NZ_CP097881.1,790901,791851,gshB,minus,,
NZ_CP097881.1,791864,792595,rsmE,minus,,
NZ_CP097881.1,792675,793382,endA,minus,,
NZ_CP097881.1,793477,793974,yggI,minus,,
NZ_CP097881.1,794051,795445,galP,minus,,
NZ_CP097881.1,795869,797023,metK,minus,,
NZ_CP097881.1,797079,797330,yqgD,plus,,
NZ_CP097881.1,797441,797584,yqgG,plus,,
NZ_CP097881.1,797678,797809,yqgB,plus,,
NZ_CP097881.1,797818,799794,speA,plus,,
NZ_CP097881.1,799932,800852,speB,plus,,
NZ_CP097881.1,801058,801816,loiP,minus,,
NZ_CP097881.1,802094,804085,tkt,plus,,
NZ_CP097881.1,804399,804842,cmtB,plus,,
NZ_CP097881.1,804870,806258,cmtA,plus,,
NZ_CP097881.1,806273,807550,yggP,plus,,
NZ_CP097881.1,807547,808512,glpX,plus,,
NZ_CP097881.1,808534,809043,fumE,plus,,
NZ_CP097881.1,809040,809753,yggC,plus,,
NZ_CP097881.1,810038,811057,epd,plus,,
NZ_CP097881.1,811107,812270,pgk,plus,,
NZ_CP097881.1,812485,813564,fbaA,plus,,
NZ_CP097881.1,813922,814782,mscS,plus,,
NZ_CP097881.1,814921,815556,argO,plus,,
NZ_CP097881.1,815649,816389,yggE,plus,,
NZ_CP097881.1,816556,817452,srsR,plus,,
NZ_CP097881.1,817449,818927,scpC,minus,,
NZ_CP097881.1,818951,819736,scpB,minus,,
NZ_CP097881.1,819747,820742,meaB,minus,,
NZ_CP097881.1,820735,822879,scpA,minus,,
NZ_CP097881.1,823083,823976,argP,minus,,
NZ_CP097881.1,824118,824348,,plus,,
NZ_CP097881.1,824404,825063,rpiA,plus,,
NZ_CP097881.1,825319,826551,serA,plus,,
NZ_CP097881.1,826780,826839,ibsC,plus,,
NZ_CP097881.1,826940,827542,fau,minus,,
NZ_CP097881.1,827563,827746,ssrS,minus,,
NZ_CP097881.1,827788,828117,zapA,minus,,
NZ_CP097881.1,828285,828863,ygfB,plus,,
NZ_CP097881.1,828889,830214,pepP,plus,,
NZ_CP097881.1,830211,831389,ubiH,plus,,
NZ_CP097881.1,831412,832614,ubiI,plus,,
NZ_CP097881.1,832688,832771,,minus,,
NZ_CP097881.1,833062,834156,gcvT,plus,,
NZ_CP097881.1,834180,834569,gcvH,plus,,
NZ_CP097881.1,834688,837561,gcvP,plus,,
NZ_CP097881.1,837828,838571,ygfF,plus,,
NZ_CP097881.1,838628,840061,bglA,minus,,
NZ_CP097881.1,840106,840417,yqfB,plus,,
NZ_CP097881.1,840581,841240,trhA,plus,,
NZ_CP097881.1,841436,842416,ygfZ,minus,,
NZ_CP097881.1,842659,842925,sdhE,plus,,
NZ_CP097881.1,842906,843313,ygfX,plus,,
NZ_CP097881.1,843353,843874,fldB,minus,,
NZ_CP097881.1,843986,844882,xerD,plus,,
NZ_CP097881.1,844907,845617,dsbC,plus,,
NZ_CP097881.1,845623,847356,recJ,plus,,
NZ_CP097881.1,847447,848545,prfB,plus,,
NZ_CP097881.1,848555,850072,lysS,plus,,
NZ_CP097881.1,850116,850664,idi,minus,,
NZ_CP097881.1,850719,850790,,plus,,
NZ_CP097881.1,850787,850912,yqfG,minus,,
NZ_CP097881.1,850914,852362,uacT,minus,,
NZ_CP097881.1,852798,854717,ygfT,plus,,
NZ_CP097881.1,854717,855205,ygfS,plus,,
NZ_CP097881.1,855241,856608,ghxQ,minus,,
NZ_CP097881.1,856644,857960,guaD,minus,,
NZ_CP097881.1,857978,859378,xanQ,minus,,
NZ_CP097881.1,859543,862413,xdhD,minus,,
NZ_CP097881.1,862410,863189,ygfM,minus,,
NZ_CP097881.1,863240,864568,ssnA,minus,,
NZ_CP097881.1,864571,867669,ygfK,minus,,
NZ_CP097881.1,867991,868569,mocA,minus,,
NZ_CP097881.1,868672,869442,yqeC,plus,,
NZ_CP097881.1,869490,871115,yqeB,plus,,
NZ_CP097881.1,871336,872268,arcC,minus,,
NZ_CP097881.1,872316,873701,hyuA,minus,,
NZ_CP097881.1,873754,874965,ygeY,minus,,
NZ_CP097881.1,875023,876219,dpaL,minus,,
NZ_CP097881.1,876277,877464,ygeW,minus,,
NZ_CP097881.1,877943,879721,ygeV,plus,,
NZ_CP097881.1,879761,880240,xdhC,minus,,
NZ_CP097881.1,880237,881115,xdhB,minus,,
NZ_CP097881.1,881126,883423,xdhA,minus,,
NZ_CP097881.1,883838,884593,actS,plus,,
NZ_CP097881.1,884672,884745,,plus,,
NZ_CP097881.1,884901,885695,ygeQ,plus,,
NZ_CP097881.1,885762,886040,,plus,,
NZ_CP097881.1,886129,887357,,plus,,
NZ_CP097881.1,887369,887767,,plus,,
NZ_CP097881.1,887709,888415,,plus,,
NZ_CP097881.1,888637,889269,,plus,,
NZ_CP097881.1,889288,889790,,minus,,
NZ_CP097881.1,889873,890091,ygeI,minus,,
NZ_CP097881.1,890259,891635,ygeH,minus,,
NZ_CP097881.1,891970,892461,ygeG,minus,,
NZ_CP097881.1,892686,893175,,minus,,
NZ_CP097881.1,893369,893794,yqeK,plus,,
NZ_CP097881.1,893830,893910,,plus,,
NZ_CP097881.1,893943,894425,yqeJ,minus,,
NZ_CP097881.1,894418,895227,yqeI,minus,,
NZ_CP097881.1,895561,896193,yqeH,minus,,
NZ_CP097881.1,896653,897882,yqeG,minus,,
NZ_CP097881.1,898137,899318,yqeF,plus,,
NZ_CP097881.1,899605,900441,kduI,plus,,
NZ_CP097881.1,900471,901232,kduD,plus,,
NZ_CP097881.1,901547,902965,araE,plus,,
NZ_CP097881.1,903094,903786,ygeA,plus,,
NZ_CP097881.1,903773,904708,lysR,minus,,
NZ_CP097881.1,904830,906092,lysA,plus,,
NZ_CP097881.1,906099,907130,galR,minus,,
NZ_CP097881.1,907715,909874,aas,plus,,
NZ_CP097881.1,909867,911060,lplT,plus,,
NZ_CP097881.1,911092,912132,tas,minus,,
NZ_CP097881.1,912240,912458,ygdR,minus,,
NZ_CP097881.1,912596,913309,ygdQ,minus,,
NZ_CP097881.1,913378,914067,mutH,minus,,
NZ_CP097881.1,914253,914399,ygdT,plus,,
NZ_CP097881.1,914752,915282,rppH,plus,,
NZ_CP097881.1,915295,917541,ptsP,plus,,
NZ_CP097881.1,917692,918567,lgt,plus,,
NZ_CP097881.1,918574,919368,thyA,plus,,
NZ_CP097881.1,919552,920022,ppdA,plus,,
NZ_CP097881.1,920013,920576,ppdB,plus,,
NZ_CP097881.1,920573,920980,ygdB,plus,,
NZ_CP097881.1,920965,921288,ppdC,plus,,
NZ_CP097881.1,921301,924669,recC,plus,,
NZ_CP097881.1,924845,927733,ptrA,plus,,
NZ_CP097881.1,927726,931268,recB,plus,,
NZ_CP097881.1,931268,933094,recD,plus,,
NZ_CP097881.1,933156,934487,argA,minus,,
NZ_CP097881.1,934719,935972,amiC,plus,,
NZ_CP097881.1,936046,936122,,minus,,
NZ_CP097881.1,936156,936232,,minus,,
NZ_CP097881.1,936266,936342,,minus,,
NZ_CP097881.1,936551,937648,mltA,plus,,
NZ_CP097881.1,937887,938693,tcdA,plus,,
NZ_CP097881.1,938744,939187,csdE,minus,,
NZ_CP097881.1,939187,940392,csdA,minus,,
NZ_CP097881.1,940584,940811,ygdI,plus,,
NZ_CP097881.1,941162,942079,gcvA,plus,,
NZ_CP097881.1,942098,942493,ygdD,plus,,
NZ_CP097881.1,942486,943586,rlmM,plus,,
NZ_CP097881.1,943630,944361,fucR,minus,,
NZ_CP097881.1,944419,944841,fucU,minus,,
NZ_CP097881.1,944843,946261,fucK,minus,,
NZ_CP097881.1,946370,948145,fucI,minus,,
NZ_CP097881.1,948178,949494,fucP,minus,,
NZ_CP097881.1,950041,950688,fucA,plus,,
NZ_CP097881.1,950716,951864,fucO,plus,,
NZ_CP097881.1,951919,952674,xni,minus,,
NZ_CP097881.1,952786,954153,sdaB,minus,,
NZ_CP097881.1,954211,955500,sdaC,minus,,
NZ_CP097881.1,956057,957421,ppnN,minus,,
NZ_CP097881.1,957533,958381,queF,minus,,
NZ_CP097881.1,958449,958994,syd,plus,,
NZ_CP097881.1,959616,959945,yqcC,plus,,
NZ_CP097881.1,959945,960727,truC,plus,,
NZ_CP097881.1,960745,961194,yqcA,plus,,
NZ_CP097881.1,961629,962981,gudP,plus,,
NZ_CP097881.1,962983,964323,gudX,plus,,
NZ_CP097881.1,964344,965684,gudD,plus,,
NZ_CP097881.1,965916,968672,barA,minus,,
NZ_CP097881.1,968729,970030,rlmD,plus,,
NZ_CP097881.1,970078,972312,relA,plus,,
NZ_CP097881.1,972390,972638,mazE,plus,,
NZ_CP097881.1,972638,972973,mazF,plus,,
NZ_CP097881.1,973044,973835,mazG,plus,,
NZ_CP097881.1,974063,975700,pyrG,plus,,
NZ_CP097881.1,975788,977086,eno,plus,,
NZ_CP097881.1,977146,978018,ygcG,minus,,
NZ_CP097881.1,978032,978172,yqcG,minus,,
NZ_CP097881.1,978311,978982,queE,plus,,
NZ_CP097881.1,980355,981833,ygcE,minus,,
NZ_CP097881.1,981860,983137,yqcE,minus,,
NZ_CP097881.1,983456,984241,ygcW,plus,,
NZ_CP097881.1,984311,985765,ygcU,plus,,
NZ_CP097881.1,985787,987196,ygcS,plus,,
NZ_CP097881.1,987174,987953,ygcR,plus,,
NZ_CP097881.1,987950,988810,ygcQ,plus,,
NZ_CP097881.1,988958,989533,ygcP,minus,,
NZ_CP097881.1,989550,989810,ygcO,minus,,
NZ_CP097881.1,989801,991072,ygcN,minus,,
NZ_CP097881.1,991150,991512,queD,minus,,
NZ_CP097881.1,991831,993630,cysJ,plus,,
NZ_CP097881.1,993630,995342,cysI,plus,,
NZ_CP097881.1,995417,996151,cysH,plus,,
NZ_CP097881.1,996510,999176,cas3,plus,,
NZ_CP097881.1,999591,1001099,casA,plus,,
NZ_CP097881.1,1001092,1001574,casB,plus,,
NZ_CP097881.1,1001587,1002678,cas7e,plus,,
NZ_CP097881.1,1002681,1003355,cas5e,plus,,
NZ_CP097881.1,1003342,1003941,cas6e,plus,,
NZ_CP097881.1,1003957,1004874,cas1e,plus,,
NZ_CP097881.1,1004876,1005160,cas2e,plus,,
NZ_CP097881.1,1006111,1007148,iap,minus,,
NZ_CP097881.1,1007400,1008308,cysD,plus,,
NZ_CP097881.1,1008310,1009737,cysN,plus,,
NZ_CP097881.1,1009737,1010342,cysC,plus,,
NZ_CP097881.1,1010392,1010715,ygbE,plus,,
NZ_CP097881.1,1010909,1011220,ftsB,plus,,
NZ_CP097881.1,1011239,1011949,ispD,plus,,
NZ_CP097881.1,1011949,1012428,ispF,plus,,
NZ_CP097881.1,1012425,1013474,truD,plus,,
NZ_CP097881.1,1013455,1014216,surE,plus,,
NZ_CP097881.1,1014210,1014836,pcm,plus,,
NZ_CP097881.1,1015021,1016115,nlpD,plus,,
NZ_CP097881.1,1016178,1017170,rpoS,plus,,
NZ_CP097881.1,1017264,1018628,ygbN,minus,,
NZ_CP097881.1,1018717,1019493,ygbM,minus,,
NZ_CP097881.1,1019498,1020136,ygbL,minus,,
NZ_CP097881.1,1020228,1021394,otnK,minus,,
NZ_CP097881.1,1021391,1022299,ltnD,minus,,
NZ_CP097881.1,1022495,1023262,ygbI,plus,,
NZ_CP097881.1,1023313,1023969,pphB,minus,,
NZ_CP097881.1,1024075,1026636,mutS,minus,,
NZ_CP097881.1,1026712,1026846,,plus,,
NZ_CP097881.1,1026923,1027276,ygbA,plus,,
NZ_CP097881.1,1027313,1029391,flhA,minus,,
NZ_CP097881.1,1029465,1030475,hypE,minus,,
NZ_CP097881.1,1030472,1031593,hypD,minus,,
NZ_CP097881.1,1031593,1031865,hypC,minus,,
NZ_CP097881.1,1031856,1032728,hypB,minus,,
NZ_CP097881.1,1032732,1033082,hypA,minus,,
NZ_CP097881.1,1033294,1033755,hycA,plus,,
NZ_CP097881.1,1033880,1034491,hycB,plus,,
NZ_CP097881.1,1034488,1036314,hycC,plus,,
NZ_CP097881.1,1036317,1037240,hycD,plus,,
NZ_CP097881.1,1037258,1038967,hycE,plus,,
NZ_CP097881.1,1038977,1039519,hycF,plus,,
NZ_CP097881.1,1039519,1040286,hycG,plus,,
NZ_CP097881.1,1040283,1040693,hycH,plus,,
NZ_CP097881.1,1040686,1041156,hycI,plus,,
NZ_CP097881.1,1041315,1042739,ascB,minus,,
NZ_CP097881.1,1042748,1044205,ascF,minus,,
NZ_CP097881.1,1044465,1045475,ascG,plus,,
NZ_CP097881.1,1045624,1046151,hydN,plus,,
NZ_CP097881.1,1046304,1048556,hypF,plus,,
NZ_CP097881.1,1048684,1049817,norW,minus,,
NZ_CP097881.1,1049814,1051253,norV,minus,,
NZ_CP097881.1,1051440,1052954,norR,plus,,
NZ_CP097881.1,1052951,1053916,gutQ,minus,,
NZ_CP097881.1,1053909,1054682,srlR,minus,,
NZ_CP097881.1,1054749,1055108,gutM,minus,,
NZ_CP097881.1,1055213,1055992,srlD,minus,,
NZ_CP097881.1,1055996,1056367,srlB,minus,,
NZ_CP097881.1,1056378,1057337,srlE,minus,,
NZ_CP097881.1,1057334,1057897,srlA,minus,,
NZ_CP097881.1,1058153,1059238,mltB,plus,,
NZ_CP097881.1,1059383,1059880,pncC,plus,,
NZ_CP097881.1,1059960,1061021,recA,plus,,
NZ_CP097881.1,1061090,1061590,recX,plus,,
NZ_CP097881.1,1061718,1064348,alaS,plus,,
NZ_CP097881.1,1064583,1064768,csrA,plus,,
NZ_CP097881.1,1065084,1065176,,plus,,
NZ_CP097881.1,1065180,1065256,,plus,,
NZ_CP097881.1,1065455,1065531,,plus,,
NZ_CP097881.1,1065594,1065670,,plus,,
NZ_CP097881.1,1065869,1065945,,plus,,
NZ_CP097881.1,1066226,1066792,yqaB,plus,,
NZ_CP097881.1,1066789,1067217,yqaA,plus,,
NZ_CP097881.1,1067290,1068846,gshA,plus,,
NZ_CP097881.1,1068996,1069511,luxS,plus,,
NZ_CP097881.1,1069575,1071113,emrB,minus,,
NZ_CP097881.1,1071130,1072302,emrA,minus,,
NZ_CP097881.1,1072429,1072959,emrR,minus,,
NZ_CP097881.1,1073050,1073385,ygaH,minus,,
NZ_CP097881.1,1073375,1074112,ygaZ,minus,,
NZ_CP097881.1,1074236,1075413,,minus,,
NZ_CP097881.1,1075605,1076597,proX,minus,,
NZ_CP097881.1,1076655,1077719,proW,minus,,
NZ_CP097881.1,1077712,1078914,proV,minus,,
NZ_CP097881.1,1079268,1080227,nrdF,minus,,
NZ_CP097881.1,1080237,1082381,nrdE,minus,,
NZ_CP097881.1,1082354,1082764,nrdI,minus,,
NZ_CP097881.1,1082761,1083006,nrdH,minus,,
NZ_CP097881.1,1083254,1083583,ygaM,minus,,
NZ_CP097881.1,1083735,1084079,ygaC,plus,,
NZ_CP097881.1,1084116,1084565,alaE,minus,,
NZ_CP097881.1,1085234,1085638,stpA,plus,,
NZ_CP097881.1,1085685,1086209,ygaP,minus,,
NZ_CP097881.1,1086219,1086518,ygaV,minus,,
NZ_CP097881.1,1086701,1086859,yqaE,plus,,
NZ_CP097881.1,1086943,1087392,kbp,plus,,
NZ_CP097881.1,1087393,1088055,csiR,minus,,
NZ_CP097881.1,1088076,1089476,gabP,minus,,
NZ_CP097881.1,1089714,1090994,gabT,minus,,
NZ_CP097881.1,1091008,1092456,gabD,minus,,
NZ_CP097881.1,1092479,1093747,lhgO,minus,,
NZ_CP097881.1,1093767,1094744,glaH,minus,,
NZ_CP097881.1,1095080,1097332,,minus,,
NZ_CP097881.1,1097892,1097967,,plus,,
NZ_CP097881.1,1098718,1100091,,plus,,
NZ_CP097881.1,1100428,1100595,,plus,,
NZ_CP097881.1,1100819,1100938,,plus,,
NZ_CP097881.1,1101003,1105583,ypjA,plus,,
NZ_CP097881.1,1105947,1106276,ypjF,minus,,
NZ_CP097881.1,1106297,1106614,yfjZ,minus,,
NZ_CP097881.1,1106652,1106852,ypjJ,minus,,
NZ_CP097881.1,1106861,1107343,lfgB,minus,,
NZ_CP097881.1,1107352,1107810,lfgA,minus,,
NZ_CP097881.1,1107913,1108073,,minus,,
NZ_CP097881.1,1108708,1110411,yfjW,minus,,
NZ_CP097881.1,1110547,1111562,,plus,,
NZ_CP097881.1,1111575,1111727,,plus,,
NZ_CP097881.1,1112114,1112581,yfjT,minus,,
NZ_CP097881.1,1112605,1113048,yfjS,minus,,
NZ_CP097881.1,1113048,1113284,ypjK,minus,,
NZ_CP097881.1,1113325,1114026,yfjR,minus,,
NZ_CP097881.1,1114243,1115064,yfjQ,minus,,
NZ_CP097881.1,1115156,1116019,yfjP,minus,,
NZ_CP097881.1,1116374,1116745,rnlB,minus,,
NZ_CP097881.1,1116738,1117811,rnlA,minus,,
NZ_CP097881.1,1117953,1118216,yfjM,plus,,
NZ_CP097881.1,1118576,1120192,abpA,plus,,
NZ_CP097881.1,1120189,1122378,abpB,plus,,
NZ_CP097881.1,1122556,1123182,yfjJ,minus,,
NZ_CP097881.1,1123335,1124744,yfjI,minus,,
NZ_CP097881.1,1124873,1125085,alpA,minus,,
NZ_CP097881.1,1125129,1126085,yfjH,plus,,
NZ_CP097881.1,1126329,1127570,intA,minus,,
NZ_CP097881.1,1127774,1128136,ssrA,minus,,
NZ_CP097881.1,1128351,1128833,smpB,minus,,
NZ_CP097881.1,1129004,1129441,ratA,plus,,
NZ_CP097881.1,1129431,1129721,yfjF,plus,,
NZ_CP097881.1,1129783,1130124,bamE,minus,,
NZ_CP097881.1,1130273,1131934,recN,minus,,
NZ_CP097881.1,1132020,1132898,nadK,minus,,
NZ_CP097881.1,1133021,1133614,grpE,plus,,
NZ_CP097881.1,1133669,1134955,yfjD,minus,,
NZ_CP097881.1,1134976,1135767,ypjD,minus,,
NZ_CP097881.1,1135934,1137295,ffh,plus,,
NZ_CP097881.1,1137544,1137792,rpsP,plus,,
NZ_CP097881.1,1137811,1138359,rimM,plus,,
NZ_CP097881.1,1138390,1139157,trmD,plus,,
NZ_CP097881.1,1139199,1139546,rplS,plus,,
NZ_CP097881.1,1139622,1140104,yfiB,minus,,
NZ_CP097881.1,1140120,1141346,dgcN,minus,,
NZ_CP097881.1,1141336,1141854,yfiR,minus,,
NZ_CP097881.1,1142004,1142369,yfiL,minus,,
NZ_CP097881.1,1142579,1143649,aroF,plus,,
NZ_CP097881.1,1143660,1144781,tyrA,plus,,
NZ_CP097881.1,1144824,1145984,pheA,minus,,
NZ_CP097881.1,1146083,1146130,pheL,minus,,
NZ_CP097881.1,1146234,1146575,raiA,minus,,
NZ_CP097881.1,1146846,1147583,bamD,minus,,
NZ_CP097881.1,1147718,1148698,rluD,plus,,
NZ_CP097881.1,1148695,1149426,yfiH,plus,,
NZ_CP097881.1,1149556,1152129,clpB,plus,,
NZ_CP097881.1,1152572,1154113,,plus,,
NZ_CP097881.1,1154285,1154360,,plus,,
NZ_CP097881.1,1154545,1157448,,plus,,
NZ_CP097881.1,1157543,1157658,rrf,plus,,
NZ_CP097881.1,1157983,1159281,kgtP,plus,,
NZ_CP097881.1,1159278,1159601,yfiM,minus,,
NZ_CP097881.1,1159647,1161002,pssA,minus,,
NZ_CP097881.1,1161116,1163776,patZ,minus,,
NZ_CP097881.1,1163808,1164506,tapT,minus,,
NZ_CP097881.1,1164575,1164994,trxC,minus,,
NZ_CP097881.1,1165201,1166238,yfiF,plus,,
NZ_CP097881.1,1166286,1166975,ung,minus,,
NZ_CP097881.1,1167280,1167663,grcA,plus,,
NZ_CP097881.1,1167719,1168306,eamB,minus,,
NZ_CP097881.1,1168409,1169290,yfiE,plus,,
NZ_CP097881.1,1169499,1170833,srmB,minus,,
NZ_CP097881.1,1170965,1171702,trmN,plus,,
NZ_CP097881.1,1171687,1173309,nadB,minus,,
NZ_CP097881.1,1173565,1173720,rseD,plus,,
NZ_CP097881.1,1173717,1174292,rpoE,plus,,
NZ_CP097881.1,1174325,1174975,rseA,plus,,
NZ_CP097881.1,1174975,1175931,rseB,plus,,
NZ_CP097881.1,1175928,1176407,rseC,plus,,
NZ_CP097881.1,1176605,1178404,lepA,plus,,
NZ_CP097881.1,1178420,1179394,lepB,plus,,
NZ_CP097881.1,1179666,1180346,rnc,plus,,
NZ_CP097881.1,1180343,1181248,era,plus,,
NZ_CP097881.1,1181260,1181988,recO,plus,,
NZ_CP097881.1,1182000,1182731,pdxJ,plus,,
NZ_CP097881.1,1182731,1183111,acpS,plus,,
NZ_CP097881.1,1183532,1183612,shoB,plus,,
NZ_CP097881.1,1183806,1184066,yfhL,minus,,
NZ_CP097881.1,1184122,1184970,yfhH,minus,,
NZ_CP097881.1,1185179,1185814,yfhb,plus,,
NZ_CP097881.1,1185872,1186375,tadA,plus,,
NZ_CP097881.1,1186372,1187928,mltF,minus,,
NZ_CP097881.1,1188186,1192073,purL,plus,,
NZ_CP097881.1,1192631,1194058,qseE,plus,,
NZ_CP097881.1,1194223,1194936,qseG,plus,,
NZ_CP097881.1,1194926,1196260,glrR,plus,,
NZ_CP097881.1,1196321,1196659,glnB,plus,,
NZ_CP097881.1,1196704,1197894,hmpA,minus,,
NZ_CP097881.1,1198222,1199475,glyA,plus,,
NZ_CP097881.1,1199673,1200866,yphH,minus,,
NZ_CP097881.1,1200984,1204265,yphG,plus,,
NZ_CP097881.1,1204362,1205345,yphF,plus,,
NZ_CP097881.1,1205368,1206879,yphE,plus,,
NZ_CP097881.1,1206904,1207902,yphD,plus,,
NZ_CP097881.1,1207935,1209029,yphC,plus,,
NZ_CP097881.1,1209041,1209913,yphB,plus,,
NZ_CP097881.1,1209961,1210383,yphA,minus,,
NZ_CP097881.1,1210480,1211682,hcaD,minus,,
NZ_CP097881.1,1211692,1212504,hcaB,minus,,
NZ_CP097881.1,1212501,1212821,hcaC,minus,,
NZ_CP097881.1,1212821,1213339,hcaF,minus,,
NZ_CP097881.1,1213336,1214697,hcaE,minus,,
NZ_CP097881.1,1214833,1215723,hcaR,plus,,
NZ_CP097881.1,1215883,1217022,hcaT,plus,,
NZ_CP097881.1,1217014,1218294,csiE,minus,,
NZ_CP097881.1,1218485,1219339,yfhR,minus,,
NZ_CP097881.1,1219484,1220287,suhB,minus,,
NZ_CP097881.1,1220406,1221146,trmJ,plus,,
NZ_CP097881.1,1221598,1222086,iscR,plus,,
NZ_CP097881.1,1222198,1223412,iscS,plus,,
NZ_CP097881.1,1223440,1223826,iscU,plus,,
NZ_CP097881.1,1223843,1224166,iscA,plus,,
NZ_CP097881.1,1224262,1224777,hscB,plus,,
NZ_CP097881.1,1224794,1226644,hscA,plus,,
NZ_CP097881.1,1226646,1226981,fdx,plus,,
NZ_CP097881.1,1226993,1227193,iscX,plus,,
NZ_CP097881.1,1227371,1228654,pepB,plus,,
NZ_CP097881.1,1228796,1229572,sseB,plus,,
NZ_CP097881.1,1229603,1229728,timP,minus,,
NZ_CP097881.1,1230390,1231235,sseA,minus,,
NZ_CP097881.1,1231442,1236403,yfhM,plus,,
NZ_CP097881.1,1236404,1238716,pbpC,plus,,
NZ_CP097881.1,1238865,1239296,ndk,plus,,
NZ_CP097881.1,1239446,1240600,rlmN,plus,,
NZ_CP097881.1,1240885,1241898,rodZ,plus,,
NZ_CP097881.1,1241925,1243043,ispG,plus,,
NZ_CP097881.1,1243154,1244428,hisS,plus,,
NZ_CP097881.1,1244446,1245066,yfgM,plus,,
NZ_CP097881.1,1245077,1246255,bamB,plus,,
NZ_CP097881.1,1246373,1247845,der,plus,,
NZ_CP097881.1,1247915,1248130,yfgJ,plus,,
NZ_CP097881.1,1248127,1249497,xseA,minus,,
NZ_CP097881.1,1249659,1251125,guaB,plus,,
NZ_CP097881.1,1251194,1252771,guaA,plus,,
NZ_CP097881.1,1252864,1253403,yfgI,minus,,
NZ_CP097881.1,1253419,1253937,yfgH,minus,,
NZ_CP097881.1,1254248,1254439,yfgG,minus,,
NZ_CP097881.1,1254457,1254609,,plus,,
NZ_CP097881.1,1254791,1257034,pdeF,plus,,
NZ_CP097881.1,1257073,1258614,ppx,minus,,
NZ_CP097881.1,1258619,1260685,ppk1,minus,,
NZ_CP097881.1,1260857,1261495,purN,minus,,
NZ_CP097881.1,1261495,1262532,purM,minus,,
NZ_CP097881.1,1262857,1263483,upp,plus,,
NZ_CP097881.1,1263569,1264858,uraA,plus,,
NZ_CP097881.1,1264953,1265654,hda,plus,,
NZ_CP097881.1,1265792,1266151,arsC,minus,,
NZ_CP097881.1,1266172,1267635,bepA,minus,,
NZ_CP097881.1,1267848,1268909,yfgO,plus,,
NZ_CP097881.1,1268947,1269795,focB,minus,,
NZ_CP097881.1,1269817,1271829,hyfR,minus,,
NZ_CP097881.1,1271859,1272272,hyfJ,minus,,
NZ_CP097881.1,1272265,1273023,hyfI,minus,,
NZ_CP097881.1,1273020,1273565,hyfH,minus,,
NZ_CP097881.1,1273575,1275242,hyfG,minus,,
NZ_CP097881.1,1275232,1276812,hyfF,minus,,
NZ_CP097881.1,1276817,1277467,hyfE,minus,,
NZ_CP097881.1,1277479,1278918,hyfD,minus,,
NZ_CP097881.1,1278935,1279882,hyfC,minus,,
NZ_CP097881.1,1279893,1281911,hyfB,minus,,
NZ_CP097881.1,1281911,1282528,hyfA,minus,,
NZ_CP097881.1,1282781,1283251,bcp,minus,,
NZ_CP097881.1,1283251,1283823,gcvR,minus,,
NZ_CP097881.1,1283969,1284847,dapA,plus,,
NZ_CP097881.1,1284864,1285898,bamC,plus,,
NZ_CP097881.1,1286111,1286824,purC,plus,,
NZ_CP097881.1,1286992,1287855,ypfJ,plus,,
NZ_CP097881.1,1287870,1289885,tmcA,plus,,
NZ_CP097881.1,1289959,1290657,ypfH,plus,,
NZ_CP097881.1,1290767,1290967,ypfN,minus,,
NZ_CP097881.1,1290995,1292122,dapE,minus,,
NZ_CP097881.1,1292126,1292482,yffB,minus,,
NZ_CP097881.1,1292863,1292922,ypfM,plus,,
NZ_CP097881.1,1293021,1296134,acrD,minus,,
NZ_CP097881.1,1296298,1297998,narQ,minus,,
NZ_CP097881.1,1298204,1300183,aegA,plus,,
NZ_CP097881.1,1300251,1300826,nudK,plus,,
NZ_CP097881.1,1300952,1301995,ypfG,plus,,
NZ_CP097881.1,1302090,1304093,tkt,minus,,
NZ_CP097881.1,1304113,1305063,tal,minus,,
NZ_CP097881.1,1305352,1307631,maeB,plus,,
NZ_CP097881.1,1307924,1308259,eutS,plus,,
NZ_CP097881.1,1308272,1308751,eutP,plus,,
NZ_CP097881.1,1308726,1309427,eutQ,plus,,
NZ_CP097881.1,1309424,1310227,eutT,plus,,
NZ_CP097881.1,1310224,1311240,pta,plus,,
NZ_CP097881.1,1311279,1311572,eutM,plus,,
NZ_CP097881.1,1311679,1311966,eutN,plus,,
NZ_CP097881.1,1311978,1313381,eutE,plus,,
NZ_CP097881.1,1313392,1314228,eutJ,plus,,
NZ_CP097881.1,1314218,1315405,eutG,plus,,
NZ_CP097881.1,1315622,1316848,eutH,plus,,
NZ_CP097881.1,1316845,1318248,eutA,plus,,
NZ_CP097881.1,1318249,1318374,,plus,,
NZ_CP097881.1,1318397,1319206,yffS,minus,,
NZ_CP097881.1,1319357,1319749,yffR,minus,,
NZ_CP097881.1,1319760,1320137,yffQ,minus,,
NZ_CP097881.1,1320612,1321205,yffP,minus,,
NZ_CP097881.1,1321202,1321618,yffO,minus,,
NZ_CP097881.1,1321736,1322104,yffN,minus,,
NZ_CP097881.1,1322116,1322361,yffM,minus,,
NZ_CP097881.1,1322831,1323472,yffL,minus,,
NZ_CP097881.1,1323663,1324871,intZ,minus,,
NZ_CP097881.1,1325050,1326411,eutB,plus,,
NZ_CP097881.1,1326432,1327319,eutC,plus,,
NZ_CP097881.1,1327329,1327988,eutL,plus,,
NZ_CP097881.1,1328001,1328501,eutK,plus,,
NZ_CP097881.1,1328547,1329599,eutR,plus,,
NZ_CP097881.1,1329605,1330504,hemF,minus,,
NZ_CP097881.1,1330508,1331377,amiA,minus,,
NZ_CP097881.1,1331591,1332016,ypeA,plus,,
NZ_CP097881.1,1332003,1332452,yfeZ,plus,,
NZ_CP097881.1,1332513,1333088,yfeY,plus,,
NZ_CP097881.1,1333184,1334083,yfeX,plus,,
NZ_CP097881.1,1334323,1335627,pbp4b,minus,,
NZ_CP097881.1,1335632,1337056,murP,minus,,
NZ_CP097881.1,1337060,1337956,murQ,minus,,
NZ_CP097881.1,1338120,1338977,murR,plus,,
NZ_CP097881.1,1339106,1339897,ucpA,plus,,
NZ_CP097881.1,1340201,1341217,cysP,plus,,
NZ_CP097881.1,1341217,1342050,cysT,plus,,
NZ_CP097881.1,1342050,1342925,cysW,plus,,
NZ_CP097881.1,1342915,1344012,cysA,plus,,
NZ_CP097881.1,1344146,1345057,cysM,plus,,
NZ_CP097881.1,1345246,1345980,yfeS,minus,,
NZ_CP097881.1,1346013,1346387,yfeK,minus,,
NZ_CP097881.1,1346492,1347343,pdxK,plus,,
NZ_CP097881.1,1347386,1347895,crr,minus,,
NZ_CP097881.1,1347936,1349663,ptsI,minus,,
NZ_CP097881.1,1349708,1349965,ptsH,minus,,
NZ_CP097881.1,1350349,1351320,cysK,minus,,
NZ_CP097881.1,1351505,1352266,cysZ,minus,,
NZ_CP097881.1,1352496,1353482,zipA,plus,,
NZ_CP097881.1,1353553,1355568,ligA,plus,,
NZ_CP097881.1,1355570,1355788,ypeB,plus,,
NZ_CP097881.1,1355785,1356783,yfeH,minus,,
NZ_CP097881.1,1356873,1357799,yfeR,plus,,
NZ_CP097881.1,1357838,1358602,yfeN,minus,,
NZ_CP097881.1,1358851,1359684,xapA,plus,,
NZ_CP097881.1,1359744,1361000,xapB,plus,,
NZ_CP097881.1,1361053,1361211,,plus,,
NZ_CP097881.1,1361252,1362136,xapR,plus,,
NZ_CP097881.1,1362245,1362370,,minus,,
NZ_CP097881.1,1362401,1362476,,minus,,
NZ_CP097881.1,1362481,1362556,,minus,,
NZ_CP097881.1,1362603,1362678,,minus,,
NZ_CP097881.1,1362723,1362798,,minus,,
NZ_CP097881.1,1363057,1364472,gltX,plus,,
NZ_CP097881.1,1364524,1364916,yfeD,minus,,
NZ_CP097881.1,1364918,1365277,yfeC,minus,,
NZ_CP097881.1,1365498,1365573,,plus,,
NZ_CP097881.1,1365613,1365688,,plus,,
NZ_CP097881.1,1365897,1368086,pdeA,plus,,
NZ_CP097881.1,1368286,1369398,,minus,,
NZ_CP097881.1,1369485,1370687,nupC,minus,,
NZ_CP097881.1,1371023,1372261,mntH,plus,,
NZ_CP097881.1,1372402,1372728,ypeC,minus,,
NZ_CP097881.1,1372843,1374099,yfeO,minus,,
NZ_CP097881.1,1374303,1375268,glk,plus,,
NZ_CP097881.1,1375487,1375813,fryB,plus,,
NZ_CP097881.1,1375835,1377082,fryC,plus,,
NZ_CP097881.1,1377097,1378182,ypdF,plus,,
NZ_CP097881.1,1378182,1379219,ypdE,plus,,
NZ_CP097881.1,1379244,1381739,ptsP,plus,,
NZ_CP097881.1,1381742,1382599,ypdC,minus,,
NZ_CP097881.1,1382612,1383346,ypdB,minus,,
NZ_CP097881.1,1383361,1385058,ypdA,minus,,
NZ_CP097881.1,1385434,1386672,alaC,plus,,
NZ_CP097881.1,1386737,1386808,ypdK,minus,,
NZ_CP097881.1,1387164,1388084,lpxP,minus,,
NZ_CP097881.1,1388437,1388679,yfdY,plus,,
NZ_CP097881.1,1388756,1389031,ypdI,minus,,
NZ_CP097881.1,1389327,1389962,yfdX,plus,,
NZ_CP097881.1,1390475,1391725,frc,plus,,
NZ_CP097881.1,1391779,1393473,oxc,plus,,
NZ_CP097881.1,1393543,1394487,yfdV,plus,,
NZ_CP097881.1,1394561,1395706,yfdE,plus,,
NZ_CP097881.1,1395762,1399355,evgS,minus,,
NZ_CP097881.1,1399360,1399974,evgA,minus,,
NZ_CP097881.1,1400390,1401553,emrK,plus,,
NZ_CP097881.1,1401553,1403091,emrY,plus,,
NZ_CP097881.1,1403199,1404527,dsdA,minus,,
NZ_CP097881.1,1404545,1405882,dsdX,minus,,
NZ_CP097881.1,1406100,1407035,dsdC,plus,,
NZ_CP097881.1,1407219,1407419,torI,minus,,
NZ_CP097881.1,1407551,1407856,yfdT,minus,,
NZ_CP097881.1,1407856,1408218,,minus,,
NZ_CP097881.1,1408209,1408745,yfdR,minus,,
NZ_CP097881.1,1408873,1409697,yfdQ,minus,,
NZ_CP097881.1,1409763,1410125,yfdP,minus,,
NZ_CP097881.1,1410144,1410851,,plus,,
NZ_CP097881.1,1410848,1411342,yfdN,plus,,
NZ_CP097881.1,1411342,1411608,yfdM,plus,,
NZ_CP097881.1,1411550,1412185,,plus,,
NZ_CP097881.1,1412212,1412652,yfdK,plus,,
NZ_CP097881.1,1412624,1412914,,minus,,
NZ_CP097881.1,1413086,1413232,,plus,,
NZ_CP097881.1,1413267,1414598,,minus,,
NZ_CP097881.1,1414595,1415515,yfdH,minus,,
NZ_CP097881.1,1415512,1415874,yfdG,minus,,
NZ_CP097881.1,1416027,1417184,intS,minus,,
NZ_CP097881.1,1417346,1417420,,minus,,
NZ_CP097881.1,1417496,1418428,yfdC,minus,,
NZ_CP097881.1,1418722,1419477,mlaA,plus,,
NZ_CP097881.1,1419659,1420717,yfdF,minus,,
NZ_CP097881.1,1421083,1422423,fadL,minus,,
NZ_CP097881.1,1422795,1423079,yfcZ,plus,,
NZ_CP097881.1,1423260,1424570,fadI,plus,,
NZ_CP097881.1,1424570,1426714,fadJ,plus,,
NZ_CP097881.1,1426917,1427402,sixA,plus,,
NZ_CP097881.1,1428083,1428646,yfcV,plus,,
NZ_CP097881.1,1428728,1431373,yfcU,plus,,
NZ_CP097881.1,1431393,1432145,yfcS,plus,,
NZ_CP097881.1,1432145,1432657,yfcR,plus,,
NZ_CP097881.1,1432654,1433142,yfcQ,plus,,
NZ_CP097881.1,1433139,1433678,yfcP,plus,,
NZ_CP097881.1,1433680,1434501,yfcO,plus,,
NZ_CP097881.1,1434572,1435123,smrB,minus,,
NZ_CP097881.1,1435289,1436221,prmB,plus,,
NZ_CP097881.1,1436256,1437341,aroC,plus,,
NZ_CP097881.1,1437345,1438169,mepA,plus,,
NZ_CP097881.1,1438169,1438978,yfcA,plus,,
NZ_CP097881.1,1438978,1439526,epmC,plus,,
NZ_CP097881.1,1439560,1439838,yfcL,plus,,
NZ_CP097881.1,1439959,1441965,mnmC,minus,,
NZ_CP097881.1,1442124,1443344,fabB,plus,,
NZ_CP097881.1,1443609,1444787,yfcJ,plus,,
NZ_CP097881.1,1444784,1445779,flk,minus,,
NZ_CP097881.1,1445878,1447014,pdxB,plus,,
NZ_CP097881.1,1447080,1448093,usg,plus,,
NZ_CP097881.1,1448093,1448905,truA,plus,,
NZ_CP097881.1,1448988,1449647,dedA,plus,,
NZ_CP097881.1,1449803,1450717,accD,plus,,
NZ_CP097881.1,1450787,1452055,folC,plus,,
NZ_CP097881.1,1452045,1452707,dedD,plus,,
NZ_CP097881.1,1452966,1453454,cvpA,plus,,
NZ_CP097881.1,1453491,1455008,purF,plus,,
NZ_CP097881.1,1455103,1455672,ubiX,plus,,
NZ_CP097881.1,1455938,1456720,argT,plus,,
NZ_CP097881.1,1456941,1457723,hisJ,plus,,
NZ_CP097881.1,1457813,1458499,hisQ,plus,,
NZ_CP097881.1,1458496,1459212,hisM,plus,,
NZ_CP097881.1,1459220,1459993,hisP,plus,,
NZ_CP097881.1,1460190,1461080,rpnB,plus,,
NZ_CP097881.1,1461128,1462021,yfcH,minus,,
NZ_CP097881.1,1462042,1462404,folX,minus,,
NZ_CP097881.1,1462461,1463108,yfcG,minus,,
NZ_CP097881.1,1463244,1463888,yfcF,plus,,
NZ_CP097881.1,1463944,1464495,yfcE,plus,,
NZ_CP097881.1,1464553,1465095,yfcD,plus,,
NZ_CP097881.1,1465128,1466648,yfcC,minus,,
NZ_CP097881.1,1466838,1468982,pta,minus,,
NZ_CP097881.1,1469057,1470259,ackA,minus,,
NZ_CP097881.1,1470597,1471052,yfbV,plus,,
NZ_CP097881.1,1471135,1471629,yfbU,plus,,
NZ_CP097881.1,1471640,1472290,hxpA,plus,,
NZ_CP097881.1,1472377,1474209,yfbS,plus,,
NZ_CP097881.1,1474268,1474867,yfbR,minus,,
NZ_CP097881.1,1474951,1476168,alaA,minus,,
NZ_CP097881.1,1477088,1478026,lrhA,plus,,
NZ_CP097881.1,1478657,1479100,nuoA,plus,,
NZ_CP097881.1,1479116,1479778,nuoB,plus,,
NZ_CP097881.1,1479872,1481674,nuoC,plus,,
NZ_CP097881.1,1481677,1482177,nuoE,plus,,
NZ_CP097881.1,1482174,1483511,nuoF,plus,,
NZ_CP097881.1,1483564,1486290,nuoG,plus,,
NZ_CP097881.1,1486287,1487264,nuoH,plus,,
NZ_CP097881.1,1487279,1487821,nuoI,plus,,
NZ_CP097881.1,1487833,1488387,nuoJ,plus,,
NZ_CP097881.1,1488384,1488686,nuoK,plus,,
NZ_CP097881.1,1488683,1490524,nuoL,plus,,
NZ_CP097881.1,1490688,1492217,nuoM,plus,,
NZ_CP097881.1,1492224,1493681,nuoN,plus,,
NZ_CP097881.1,1493765,1494613,yfbP,minus,,
NZ_CP097881.1,1494672,1495094,yfbO,minus,,
NZ_CP097881.1,1495303,1496019,yfbN,plus,,
NZ_CP097881.1,1496292,1496795,yfbM,minus,,
NZ_CP097881.1,1496898,1497869,yfbL,minus,,
NZ_CP097881.1,1498007,1499734,yfbK,plus,,
NZ_CP097881.1,1499805,1501016,elaD,minus,,
NZ_CP097881.1,1501204,1502121,rbn,minus,,
NZ_CP097881.1,1502186,1502647,elaA,plus,,
NZ_CP097881.1,1502702,1503007,elaB,plus,,
NZ_CP097881.1,1503086,1504381,menF,plus,,
NZ_CP097881.1,1504470,1506140,menD,plus,,
NZ_CP097881.1,1506137,1506895,menH,plus,,
NZ_CP097881.1,1506910,1507767,menB,plus,,
NZ_CP097881.1,1507767,1508729,menC,plus,,
NZ_CP097881.1,1508726,1510081,menE,plus,,
NZ_CP097881.1,1510191,1510457,pmrD,plus,,
NZ_CP097881.1,1510451,1510837,arnF,minus,,
NZ_CP097881.1,1510837,1511172,arnE,minus,,
NZ_CP097881.1,1511169,1512821,arnT,minus,,
NZ_CP097881.1,1512821,1513711,arnD,minus,,
NZ_CP097881.1,1513708,1515690,arnA,minus,,
NZ_CP097881.1,1515690,1516658,arnC,minus,,
NZ_CP097881.1,1516662,1517801,arnB,minus,,
NZ_CP097881.1,1518109,1518711,ais,plus,,
NZ_CP097881.1,1518750,1519175,nudI,minus,,
NZ_CP097881.1,1519454,1519996,yfaZ,plus,,
NZ_CP097881.1,1520096,1521298,yfaY,plus,,
NZ_CP097881.1,1521518,1522300,yfaX,plus,,
NZ_CP097881.1,1522315,1523520,rhmD,plus,,
NZ_CP097881.1,1523577,1524866,yfaV,plus,,
NZ_CP097881.1,1524884,1525687,yfaU,plus,,
NZ_CP097881.1,1525728,1525913,,minus,,
NZ_CP097881.1,1525926,1526825,,minus,,
NZ_CP097881.1,1527018,1528208,glpC,minus,,
NZ_CP097881.1,1528205,1529464,glpB,minus,,
NZ_CP097881.1,1529454,1531082,glpA,minus,,
NZ_CP097881.1,1531355,1532713,glpT,plus,,
NZ_CP097881.1,1532718,1533794,glpQ,plus,,
NZ_CP097881.1,1533836,1534078,,minus,,
NZ_CP097881.1,1534073,1534177,,plus,,
NZ_CP097881.1,1534257,1534907,inaA,plus,,
NZ_CP097881.1,1534961,1535215,yfaE,minus,,
NZ_CP097881.1,1535215,1536345,nrdB,minus,,
NZ_CP097881.1,1536579,1538864,nrdA,minus,,
NZ_CP097881.1,1538992,1539135,ypaB,plus,,
NZ_CP097881.1,1539560,1543312,yfaL,plus,,
NZ_CP097881.1,1543440,1544162,ubiG,minus,,
NZ_CP097881.1,1544309,1546936,gyrA,plus,,
NZ_CP097881.1,1547085,1548773,yfaA,plus,,
NZ_CP097881.1,1548770,1549393,yfaT,plus,,
NZ_CP097881.1,1549417,1553931,,plus,,
NZ_CP097881.1,1553932,1555581,yfaQ,plus,,
NZ_CP097881.1,1555586,1556362,yfaP,plus,,
NZ_CP097881.1,1556436,1557620,atoB,minus,,
NZ_CP097881.1,1557651,1558973,atoE,minus,,
NZ_CP097881.1,1558970,1559620,atoA,minus,,
NZ_CP097881.1,1559620,1560282,atoD,minus,,
NZ_CP097881.1,1560478,1561863,atoC,minus,,
NZ_CP097881.1,1561860,1563686,atoS,minus,,
NZ_CP097881.1,1563853,1566702,rcsC,plus,,
NZ_CP097881.1,1566902,1567552,rcsB,minus,,
NZ_CP097881.1,1567569,1570241,rcsD,minus,,
NZ_CP097881.1,1570980,1572083,ompC,plus,,
NZ_CP097881.1,1572195,1573250,apbE,plus,,
NZ_CP097881.1,1573324,1574388,ada,plus,,
NZ_CP097881.1,1574388,1575038,alkB,plus,,
NZ_CP097881.1,1575114,1576757,yojI,plus,,
NZ_CP097881.1,1576975,1578621,mqo,plus,,
NZ_CP097881.1,1579336,1579824,eco,minus,,
NZ_CP097881.1,1579959,1580123,yojO,minus,,
NZ_CP097881.1,1580232,1580726,napF,plus,,
NZ_CP097881.1,1580716,1580979,napD,plus,,
NZ_CP097881.1,1580976,1583462,napA,plus,,
NZ_CP097881.1,1583469,1584164,napG,plus,,
NZ_CP097881.1,1584151,1585014,napH,plus,,
NZ_CP097881.1,1585011,1585460,napB,plus,,
NZ_CP097881.1,1585470,1586072,napC,plus,,
NZ_CP097881.1,1586085,1586708,ccmA,plus,,
NZ_CP097881.1,1586705,1587367,ccmB,plus,,
NZ_CP097881.1,1587409,1588146,ccmC,plus,,
NZ_CP097881.1,1588143,1588352,ccmD,plus,,
NZ_CP097881.1,1588349,1588828,ccmE,plus,,
NZ_CP097881.1,1588825,1590768,ccmF,plus,,
NZ_CP097881.1,1590765,1591322,dsbE,plus,,
NZ_CP097881.1,1591319,1592371,ccmH,plus,,
NZ_CP097881.1,1592582,1593229,narP,minus,,
NZ_CP097881.1,1593549,1593617,,plus,,
NZ_CP097881.1,1593684,1594664,,plus,,
NZ_CP097881.1,1594796,1597339,yejO,plus,,
NZ_CP097881.1,1597442,1597518,,minus,,
NZ_CP097881.1,1597593,1599353,yejM,minus,,
NZ_CP097881.1,1599373,1599600,yejL,minus,,
NZ_CP097881.1,1599782,1600789,yejK,plus,,
NZ_CP097881.1,1600928,1601212,rplY,minus,,
NZ_CP097881.1,1601337,1603097,radD,minus,,
NZ_CP097881.1,1603246,1603941,rsuA,plus,,
NZ_CP097881.1,1603969,1605159,bcr,plus,,
NZ_CP097881.1,1605492,1605836,yejG,plus,,
NZ_CP097881.1,1605840,1607429,yejF,minus,,
NZ_CP097881.1,1607431,1608456,yejE,minus,,
NZ_CP097881.1,1608456,1609550,yejB,minus,,
NZ_CP097881.1,1609551,1611365,yejA,minus,,
NZ_CP097881.1,1611447,1613003,pdeN,minus,,
NZ_CP097881.1,1613184,1613750,mepS,minus,,
NZ_CP097881.1,1614162,1614875,lpxT,minus,,
NZ_CP097881.1,1614914,1615900,yeiR,minus,,
NZ_CP097881.1,1616018,1617484,yeiQ,minus,,
NZ_CP097881.1,1617707,1618279,yeiP,minus,,
NZ_CP097881.1,1618434,1618688,yeiW,plus,,
NZ_CP097881.1,1618685,1619866,setB,minus,,
NZ_CP097881.1,1620234,1621364,fruB,plus,,
NZ_CP097881.1,1621364,1622302,fruK,plus,,
NZ_CP097881.1,1622319,1624010,fruA,plus,,
NZ_CP097881.1,1624433,1625374,psuK,plus,,
NZ_CP097881.1,1625362,1626300,psuG,plus,,
NZ_CP097881.1,1626394,1627644,psuT,plus,,
NZ_CP097881.1,1627715,1628413,yeiL,minus,,
NZ_CP097881.1,1628543,1629484,rihB,plus,,
NZ_CP097881.1,1629584,1630834,nupX,plus,,
NZ_CP097881.1,1630941,1632029,yeiI,minus,,
NZ_CP097881.1,1632032,1632889,nfo,minus,,
NZ_CP097881.1,1632963,1634012,yeiH,minus,,
NZ_CP097881.1,1634111,1634992,yieE,plus,,
NZ_CP097881.1,1635197,1636666,lysP,plus,,
NZ_CP097881.1,1636960,1638951,cirA,plus,,
NZ_CP097881.1,1638983,1639819,yeiG,minus,,
NZ_CP097881.1,1640077,1640745,folE,plus,,
NZ_CP097881.1,1640762,1641919,yeiB,plus,,
NZ_CP097881.1,1642061,1643101,galS,plus,,
NZ_CP097881.1,1643381,1644379,mglB,plus,,
NZ_CP097881.1,1644440,1645960,mglA,plus,,
NZ_CP097881.1,1645976,1646986,mglC,plus,,
NZ_CP097881.1,1647229,1648464,preA,minus,,
NZ_CP097881.1,1648458,1649696,preT,minus,,
NZ_CP097881.1,1649890,1650129,yeiS,minus,,
NZ_CP097881.1,1650132,1650851,sanA,minus,,
NZ_CP097881.1,1651001,1651885,cdd,minus,,
NZ_CP097881.1,1652015,1652710,yohK,minus,,
NZ_CP097881.1,1652707,1653105,yohJ,minus,,
NZ_CP097881.1,1653344,1654291,dusC,plus,,
NZ_CP097881.1,1654664,1654747,yohP,minus,,
NZ_CP097881.1,1654971,1656406,mdtQ,plus,,
NZ_CP097881.1,1656459,1657220,yohF,plus,,
NZ_CP097881.1,1657350,1657928,yohD,minus,,
NZ_CP097881.1,1658098,1658685,yohC,plus,,
NZ_CP097881.1,1658859,1659791,pbpG,plus,,
NZ_CP097881.1,1659829,1661544,dld,minus,,
NZ_CP097881.1,1661740,1664037,bglX,plus,,
NZ_CP097881.1,1664248,1665165,osmF,plus,,
NZ_CP097881.1,1665172,1666329,yehY,plus,,
NZ_CP097881.1,1666322,1667248,yehX,plus,,
NZ_CP097881.1,1667253,1667984,yehW,plus,,
NZ_CP097881.1,1667965,1668072,yohO,minus,,
NZ_CP097881.1,1668132,1668863,mlrA,minus,,
NZ_CP097881.1,1669085,1670770,btsS,plus,,
NZ_CP097881.1,1670767,1671486,btsR,plus,,
NZ_CP097881.1,1671533,1672003,yehS,plus,,
NZ_CP097881.1,1672043,1672504,yehR,minus,,
NZ_CP097881.1,1672629,1674629,yehQ,minus,,
NZ_CP097881.1,1674626,1675762,yehP,minus,,
NZ_CP097881.1,1675755,1678034,yehM,minus,,
NZ_CP097881.1,1678045,1679133,yehL,minus,,
NZ_CP097881.1,1679440,1679757,yehK,minus,,
NZ_CP097881.1,1679818,1683450,yehI,minus,,
NZ_CP097881.1,1683460,1687255,,minus,,
NZ_CP097881.1,1687396,1689429,metG,minus,,
NZ_CP097881.1,1689561,1690670,apbC,plus,,
NZ_CP097881.1,1690933,1691214,yehE,plus,,
NZ_CP097881.1,1691507,1692049,yehD,plus,,
NZ_CP097881.1,1692129,1692803,yehC,plus,,
NZ_CP097881.1,1692819,1695299,yehB,plus,,
NZ_CP097881.1,1695315,1696349,yehA,plus,,
NZ_CP097881.1,1696431,1696769,rcnB,minus,,
NZ_CP097881.1,1696988,1697812,rcnA,minus,,
NZ_CP097881.1,1697933,1698205,rcnR,plus,,
NZ_CP097881.1,1698428,1699216,thiM,plus,,
NZ_CP097881.1,1699213,1700013,thiD,plus,,
NZ_CP097881.1,1700078,1700896,yegX,plus,,
NZ_CP097881.1,1700948,1701694,yegW,plus,,
NZ_CP097881.1,1701668,1702633,yegV,minus,,
NZ_CP097881.1,1702630,1703634,yegU,minus,,
NZ_CP097881.1,1703631,1704908,yegT,minus,,
NZ_CP097881.1,1705165,1706217,fbaB,plus,,
NZ_CP097881.1,1706525,1707379,gatY,plus,,
NZ_CP097881.1,1707408,1708670,gatZ,plus,,
NZ_CP097881.1,1708680,1709132,gatA,plus,,
NZ_CP097881.1,1709163,1709447,gatB,plus,,
NZ_CP097881.1,1709451,1710806,,plus,,
NZ_CP097881.1,1710854,1711894,gatD,plus,,
NZ_CP097881.1,1712000,1712299,,plus,,
NZ_CP097881.1,1712329,1713491,,minus,,
NZ_CP097881.1,1713558,1714034,,plus,,
NZ_CP097881.1,1714116,1715015,yegS,minus,,
NZ_CP097881.1,1715421,1715738,yegR,plus,,
NZ_CP097881.1,1715913,1716125,,plus,,
NZ_CP097881.1,1716207,1716425,ogrK,plus,,
NZ_CP097881.1,1716698,1718059,yegQ,minus,,
NZ_CP097881.1,1718206,1718538,yegP,minus,,
NZ_CP097881.1,1718729,1719451,baeR,minus,,
NZ_CP097881.1,1719448,1720851,baeS,minus,,
NZ_CP097881.1,1720848,1722263,mdtD,minus,,
NZ_CP097881.1,1722264,1725341,mdtC,minus,,
NZ_CP097881.1,1725342,1728464,mdtB,minus,,
NZ_CP097881.1,1728464,1729711,mdtA,minus,,
NZ_CP097881.1,1729990,1730046,,plus,,
NZ_CP097881.1,1730319,1730378,ibsA,plus,,
NZ_CP097881.1,1730599,1731258,yegL,plus,,
NZ_CP097881.1,1731255,1732016,pphC,plus,,
NZ_CP097881.1,1732081,1732542,yegJ,minus,,
NZ_CP097881.1,1732742,1734688,yegI,plus,,
NZ_CP097881.1,1734701,1736053,yegD,minus,,
NZ_CP097881.1,1736187,1737035,alkA,plus,,
NZ_CP097881.1,1737144,1740461,dgcE,minus,,
NZ_CP097881.1,1740779,1741420,udk,plus,,
NZ_CP097881.1,1741512,1742093,dcd,plus,,
NZ_CP097881.1,1742115,1743968,asmA,plus,,
NZ_CP097881.1,1744242,1745825,yegH,minus,,
NZ_CP097881.1,1746484,1747623,wza,plus,,
NZ_CP097881.1,1747629,1748072,wzb,plus,,
NZ_CP097881.1,1748075,1750237,wzc,plus,,
NZ_CP097881.1,1750330,1751169,wcaA,plus,,
NZ_CP097881.1,1751172,1751660,wcaB,plus,,
NZ_CP097881.1,1751657,1752874,wcaC,plus,,
NZ_CP097881.1,1752849,1754066,wcaD,plus,,
NZ_CP097881.1,1754077,1754823,wcaE,plus,,
NZ_CP097881.1,1754839,1755387,wcaF,plus,,
NZ_CP097881.1,1755413,1756534,gmd,plus,,
NZ_CP097881.1,1756537,1757502,fcl,plus,,
NZ_CP097881.1,1757505,1757984,gmm,plus,,
NZ_CP097881.1,1757981,1759204,wcaI,plus,,
NZ_CP097881.1,1759207,1760643,cpsB,plus,,
NZ_CP097881.1,1760748,1762118,cpsG,plus,,
NZ_CP097881.1,1762173,1763567,wcaJ,plus,,
NZ_CP097881.1,1763569,1765047,wzxC,plus,,
NZ_CP097881.1,1765323,1766603,wcaK,plus,,
NZ_CP097881.1,1766600,1767820,wcaL,plus,,
NZ_CP097881.1,1767831,1769225,wcaM,plus,,
NZ_CP097881.1,1769400,1770293,galF,plus,,
NZ_CP097881.1,1770666,1771751,rfbB,plus,,
NZ_CP097881.1,1771751,1772650,rfbD,plus,,
NZ_CP097881.1,1772708,1773589,rfbA,plus,,
NZ_CP097881.1,1773589,1774146,rfbC,plus,,
NZ_CP097881.1,1774143,1775390,wzx,plus,,
NZ_CP097881.1,1775398,1776501,glf,plus,,
NZ_CP097881.1,1776501,1777667,wzy,plus,,
NZ_CP097881.1,1777670,1778662,wbbI,plus,,
NZ_CP097881.1,1778643,1779233,wbbJ,plus,,
NZ_CP097881.1,1779218,1780336,wbbK,plus,,
NZ_CP097881.1,1780338,1780787,wbbL,plus,,
NZ_CP097881.1,1780852,1781832,,plus,,
NZ_CP097881.1,1781978,1782331,wbbL,plus,,
NZ_CP097881.1,1782459,1783865,gndA,plus,,
NZ_CP097881.1,1784114,1785280,ugd,plus,,
NZ_CP097881.1,1785426,1786406,wzzB,plus,,
NZ_CP097881.1,1786502,1787113,hisIE,minus,,
NZ_CP097881.1,1787107,1787883,hisF,minus,,
NZ_CP097881.1,1787865,1788602,hisA,minus,,
NZ_CP097881.1,1788602,1789192,hisH,minus,,
NZ_CP097881.1,1789192,1790259,hisB,minus,,
NZ_CP097881.1,1790259,1791329,hisC,minus,,
NZ_CP097881.1,1791326,1792630,hisD,minus,,
NZ_CP097881.1,1792636,1793535,hisG,minus,,
NZ_CP097881.1,1793681,1793731,hisL,minus,,
NZ_CP097881.1,1794014,1794265,yefM,plus,,
NZ_CP097881.1,1794262,1794516,yoeB,plus,,
NZ_CP097881.1,1794599,1795423,yeeZ,plus,,
NZ_CP097881.1,1795469,1796398,yeeY,plus,,
NZ_CP097881.1,1796613,1796675,yoeI,plus,,
NZ_CP097881.1,1796665,1798023,plaP,plus,,
NZ_CP097881.1,1798202,1799260,tsuA,plus,,
NZ_CP097881.1,1799274,1799501,tsuB,plus,,
NZ_CP097881.1,1799544,1800971,sbcB,minus,,
NZ_CP097881.1,1801180,1802346,dacD,plus,,
NZ_CP097881.1,1802465,1802938,sbmC,plus,,
NZ_CP097881.1,1803136,1804194,yeeA,plus,,
NZ_CP097881.1,1804366,1804695,tmaR,plus,,
NZ_CP097881.1,1804796,1804978,,minus,,
NZ_CP097881.1,1805050,1805178,,plus,,
NZ_CP097881.1,1805467,1805559,,minus,,
NZ_CP097881.1,1805593,1805787,yeeW,minus,,
NZ_CP097881.1,1805784,1806158,cbtA,minus,,
NZ_CP097881.1,1806247,1806615,cbeA,minus,,
NZ_CP097881.1,1806689,1806910,yeeT,minus,,
NZ_CP097881.1,1806973,1807419,yeeS,minus,,
NZ_CP097881.1,1807416,1808948,yeeR,minus,,
NZ_CP097881.1,1809069,1812188,agn43,minus,,
NZ_CP097881.1,1812516,1813067,,minus,,
NZ_CP097881.1,1813256,1813456,,minus,,
NZ_CP097881.1,1813547,1814775,,plus,,
NZ_CP097881.1,1814787,1815092,,minus,,
NZ_CP097881.1,1816442,1817422,,plus,,
NZ_CP097881.1,1817668,1817811,,plus,,
NZ_CP097881.1,1817963,1818508,cobU,plus,,
NZ_CP097881.1,1818505,1819248,cobS,plus,,
NZ_CP097881.1,1819260,1820339,cobT,plus,,
NZ_CP097881.1,1820401,1821336,ldtA,plus,,
NZ_CP097881.1,1821392,1821467,,minus,,
NZ_CP097881.1,1821794,1822711,nac,plus,,
NZ_CP097881.1,1822813,1823763,cbl,plus,,
NZ_CP097881.1,1823801,1823876,,minus,,
NZ_CP097881.1,1824037,1825524,yeeO,plus,,
NZ_CP097881.1,1825625,1825700,,plus,,
NZ_CP097881.1,1826153,1826869,yeeN,minus,,
NZ_CP097881.1,1827212,1828666,amn,minus,,
NZ_CP097881.1,1828768,1830084,shiA,minus,,
NZ_CP097881.1,1830399,1831451,,plus,,
NZ_CP097881.1,1831713,1838789,yeeJ,minus,,
NZ_CP097881.1,1839103,1839178,,minus,,
NZ_CP097881.1,1839279,1840076,mtfA,minus,,
NZ_CP097881.1,1840170,1840259,,plus,,
NZ_CP097881.1,1840829,1841359,yodB,minus,,
NZ_CP097881.1,1841702,1842352,zinT,minus,,
NZ_CP097881.1,1842609,1843244,msrQ,minus,,
NZ_CP097881.1,1843245,1844249,msrP,minus,,
NZ_CP097881.1,1844358,1844771,hiuH,minus,,
NZ_CP097881.1,1844904,1845575,hprR,plus,,
NZ_CP097881.1,1845575,1846933,hprS,plus,,
NZ_CP097881.1,1847041,1847892,hchA,minus,,
NZ_CP097881.1,1848484,1849676,ompC,minus,,
NZ_CP097881.1,1850327,1850608,drpB,plus,,
NZ_CP097881.1,1850648,1851343,yedJ,plus,,
NZ_CP097881.1,1851410,1852828,dcm,plus,,
NZ_CP097881.1,1852809,1853279,vsr,plus,,
NZ_CP097881.1,1853268,1854188,yedA,minus,,
NZ_CP097881.1,1854361,1855278,yedI,plus,,
NZ_CP097881.1,1855357,1855539,yodC,plus,,
NZ_CP097881.1,1855710,1857404,dgcQ,plus,,
NZ_CP097881.1,1857401,1858216,yedP,minus,,
NZ_CP097881.1,1858514,1858741,yodD,minus,,
NZ_CP097881.1,1858904,1859092,dsrB,plus,,
NZ_CP097881.1,1859136,1859759,rcsA,minus,,
NZ_CP097881.1,1860049,1860834,fliR,minus,,
NZ_CP097881.1,1860842,1861111,fliQ,minus,,
NZ_CP097881.1,1861121,1861858,fliP,minus,,
NZ_CP097881.1,1861858,1862223,fliO,minus,,
NZ_CP097881.1,1862226,1862639,fliN,minus,,
NZ_CP097881.1,1862636,1863640,fliM,minus,,
NZ_CP097881.1,1863645,1864109,fliL,minus,,
NZ_CP097881.1,1864214,1865341,fliK,minus,,
NZ_CP097881.1,1865338,1865781,fliJ,minus,,
NZ_CP097881.1,1865800,1867173,fliI,minus,,
NZ_CP097881.1,1867173,1867859,fliH,minus,,
NZ_CP097881.1,1867852,1868847,fliG,minus,,
NZ_CP097881.1,1868840,1870498,fliF,minus,,
NZ_CP097881.1,1870713,1871027,fliE,plus,,
NZ_CP097881.1,1871376,1872504,,plus,,
NZ_CP097881.1,1872648,1873127,yedL,minus,,
NZ_CP097881.1,1873238,1873906,yedK,minus,,
NZ_CP097881.1,1874015,1874248,yedF,minus,,
NZ_CP097881.1,1874245,1875450,yedE,minus,,
NZ_CP097881.1,1875637,1876050,yedD,plus,,
NZ_CP097881.1,1876084,1877571,amyA,minus,,
NZ_CP097881.1,1877649,1878014,fliT,minus,,
NZ_CP097881.1,1878014,1878424,fliS,minus,,
NZ_CP097881.1,1878449,1879855,fliD,minus,,
NZ_CP097881.1,1880121,1881617,fliC,plus,,
NZ_CP097881.1,1881938,1882657,fliA,plus,,
NZ_CP097881.1,1882703,1883254,fliZ,plus,,
NZ_CP097881.1,1883342,1884142,tcyJ,plus,,
NZ_CP097881.1,1884247,1885233,dcyD,plus,,
NZ_CP097881.1,1885248,1885916,tcyL,plus,,
NZ_CP097881.1,1885913,1886665,tcyN,plus,,
NZ_CP097881.1,1886895,1887617,sdiA,plus,,
NZ_CP097881.1,1887685,1887909,yecF,minus,,
NZ_CP097881.1,1887896,1888072,yecU,minus,,
NZ_CP097881.1,1888155,1888226,,minus,,
NZ_CP097881.1,1888368,1889024,uvrY,plus,,
NZ_CP097881.1,1889021,1890853,uvrC,plus,,
NZ_CP097881.1,1890910,1891458,pgsA,plus,,
NZ_CP097881.1,1891610,1891685,,plus,,
NZ_CP097881.1,1891740,1891813,,plus,,
NZ_CP097881.1,1891826,1891912,,plus,,
NZ_CP097881.1,1892108,1892773,yecA,plus,,
NZ_CP097881.1,1892835,1894046,tyrP,minus,,
NZ_CP097881.1,1894237,1894476,yecH,plus,,
NZ_CP097881.1,1894514,1895011,ftnA,minus,,
NZ_CP097881.1,1895182,1895505,yecR,minus,,
NZ_CP097881.1,1895768,1895854,azuC,plus,,
NZ_CP097881.1,1895969,1896220,yecJ,plus,,
NZ_CP097881.1,1896299,1896802,ftnB,minus,,
NZ_CP097881.1,1897599,1898588,araF,plus,,
NZ_CP097881.1,1898658,1900172,araG,plus,,
NZ_CP097881.1,1900187,1901173,araH,plus,,
NZ_CP097881.1,1901340,1902140,otsB,plus,,
NZ_CP097881.1,1902115,1903539,otsA,plus,,
NZ_CP097881.1,1903546,1903974,uspC,minus,,
NZ_CP097881.1,1904754,1905104,flhD,plus,,
NZ_CP097881.1,1905107,1905685,flhC,plus,,
NZ_CP097881.1,1905812,1906699,motA,plus,,
NZ_CP097881.1,1906696,1907622,motB,plus,,
NZ_CP097881.1,1907627,1909591,cheA,plus,,
NZ_CP097881.1,1909612,1910115,cheW,plus,,
NZ_CP097881.1,1910260,1911921,tar,plus,,
NZ_CP097881.1,1911967,1913568,tap,plus,,
NZ_CP097881.1,1913587,1914447,cheR,plus,,
NZ_CP097881.1,1914450,1915499,cheB,plus,,
NZ_CP097881.1,1915514,1915903,cheY,plus,,
NZ_CP097881.1,1915914,1916558,cheZ,plus,,
NZ_CP097881.1,1916760,1917908,flhB,plus,,
NZ_CP097881.1,1917901,1919979,flhA,plus,,
NZ_CP097881.1,1919979,1920371,flhe,plus,,
NZ_CP097881.1,1920491,1920979,yecT,minus,,
NZ_CP097881.1,1921070,1921114,yecV,plus,,
NZ_CP097881.1,1921156,1922889,argS,minus,,
NZ_CP097881.1,1923105,1923671,yecM,plus,,
NZ_CP097881.1,1923685,1924431,cutC,plus,,
NZ_CP097881.1,1924819,1925919,torY,plus,,
NZ_CP097881.1,1925944,1928373,torZ,plus,,
NZ_CP097881.1,1928538,1929509,cmoB,minus,,
NZ_CP097881.1,1929506,1930249,cmoA,minus,,
NZ_CP097881.1,1930290,1930685,yecN,minus,,
NZ_CP097881.1,1930738,1931556,yecE,minus,,
NZ_CP097881.1,1931553,1932119,yecD,minus,,
NZ_CP097881.1,1932429,1934201,aspS,plus,,
NZ_CP097881.1,1934319,1934771,nudB,plus,,
NZ_CP097881.1,1934800,1935540,yebC,plus,,
NZ_CP097881.1,1935575,1936096,ruvC,plus,,
NZ_CP097881.1,1936098,1936700,yebB,minus,,
NZ_CP097881.1,1936771,1936836,yobI,plus,,
NZ_CP097881.1,1936975,1937586,ruvA,plus,,
NZ_CP097881.1,1937595,1938605,ruvB,plus,,
NZ_CP097881.1,1938752,1939537,znuB,minus,,
NZ_CP097881.1,1939534,1940289,znuC,minus,,
NZ_CP097881.1,1940368,1941300,znuA,plus,,
NZ_CP097881.1,1941316,1942638,mepM,plus,,
NZ_CP097881.1,1942758,1943729,lpxM,plus,,
NZ_CP097881.1,1943860,1945302,pyk,minus,,
NZ_CP097881.1,1945430,1946299,hexR,minus,,
NZ_CP097881.1,1946637,1948112,zwf,plus,,
NZ_CP097881.1,1948347,1950158,edd,plus,,
NZ_CP097881.1,1950195,1950836,kdgA,plus,,
NZ_CP097881.1,1950892,1952070,purT,minus,,
NZ_CP097881.1,1952204,1952494,yebG,plus,,
NZ_CP097881.1,1952561,1952917,yebF,plus,,
NZ_CP097881.1,1953244,1953903,yebE,plus,,
NZ_CP097881.1,1954112,1956172,ptrB,plus,,
NZ_CP097881.1,1956169,1956831,exoX,minus,,
NZ_CP097881.1,1956855,1957511,yobB,minus,,
NZ_CP097881.1,1957613,1957843,holE,minus,,
NZ_CP097881.1,1957982,1958356,yobA,plus,,
NZ_CP097881.1,1958360,1959232,copD,plus,,
NZ_CP097881.1,1959245,1959586,yebY,plus,,
NZ_CP097881.1,1959982,1960638,pphA,plus,,
NZ_CP097881.1,1960639,1960830,yebW,minus,,
NZ_CP097881.1,1960935,1961171,yebV,minus,,
NZ_CP097881.1,1961289,1962728,rsmF,minus,,
NZ_CP097881.1,1962808,1965441,yebT,minus,,
NZ_CP097881.1,1965410,1966693,yebS,minus,,
NZ_CP097881.1,1966823,1967320,msrC,plus,,
NZ_CP097881.1,1967417,1968115,proQ,plus,,
NZ_CP097881.1,1968135,1970183,prc,plus,,
NZ_CP097881.1,1970375,1971256,htpX,plus,,
NZ_CP097881.1,1971302,1972675,yebQ,minus,,
NZ_CP097881.1,1972852,1973643,kdgR,plus,,
NZ_CP097881.1,1973787,1974026,yobH,minus,,
NZ_CP097881.1,1974185,1974328,mgrB,plus,,
NZ_CP097881.1,1974403,1974690,yebO,plus,,
NZ_CP097881.1,1975360,1975503,yobF,plus,,
NZ_CP097881.1,1975516,1975725,cspE,plus,,
NZ_CP097881.1,1975891,1976700,rlmA,plus,,
NZ_CP097881.1,1976697,1977263,mntP,minus,,
NZ_CP097881.1,1977692,1978150,yobD,minus,,
NZ_CP097881.1,1978205,1979056,manZ,minus,,
NZ_CP097881.1,1979069,1979869,manY,minus,,
NZ_CP097881.1,1979932,1980903,manX,minus,,
NZ_CP097881.1,1981220,1981378,yoaL,plus,,
NZ_CP097881.1,1981366,1982922,yoaE,plus,,
NZ_CP097881.1,1982926,1984524,pdeD,minus,,
NZ_CP097881.1,1984655,1986019,sdaA,minus,,
NZ_CP097881.1,1986203,1986781,nudL,minus,,
NZ_CP097881.1,1986785,1988146,pabB,minus,,
NZ_CP097881.1,1988220,1988399,yoaH,plus,,
NZ_CP097881.1,1988519,1988818,yoaC,minus,,
NZ_CP097881.1,1989240,1989584,yoaB,minus,,
NZ_CP097881.1,1989716,1991626,yoaA,plus,,
NZ_CP097881.1,1991684,1992379,tsaB,plus,,
NZ_CP097881.1,1992419,1993000,yeaY,plus,,
NZ_CP097881.1,1993205,1994890,fadD,plus,,
NZ_CP097881.1,1994972,1996087,rnd,plus,,
NZ_CP097881.1,1996141,1997106,yeaX,minus,,
NZ_CP097881.1,1997162,1998286,yeaW,minus,,
NZ_CP097881.1,1998318,1999799,yeaV,minus,,
NZ_CP097881.1,1999954,2001039,dmlA,minus,,
NZ_CP097881.1,2001142,2002065,dmlR,plus,,
NZ_CP097881.1,2002192,2002830,leuE,plus,,
NZ_CP097881.1,2003003,2003362,yeaR,plus,,
NZ_CP097881.1,2003366,2003548,yoaG,plus,,
NZ_CP097881.1,2003696,2003944,yeaQ,plus,,
NZ_CP097881.1,2004003,2004077,yoaJ,minus,,
NZ_CP097881.1,2004080,2004178,yoaK,minus,,
NZ_CP097881.1,2004211,2005236,dgcP,minus,,
NZ_CP097881.1,2005419,2005673,yoaF,plus,,
NZ_CP097881.1,2005695,2006042,yeaO,minus,,
NZ_CP097881.1,2006097,2007278,nimT,minus,,
NZ_CP097881.1,2007375,2008196,nimR,plus,,
NZ_CP097881.1,2008153,2008599,yeaL,minus,,
NZ_CP097881.1,2008769,2008873,yoaI,plus,,
NZ_CP097881.1,2008874,2009377,yeaK,minus,,
NZ_CP097881.1,2009420,2010910,dgcJ,minus,,
NZ_CP097881.1,2011091,2012566,cdgI,minus,,
NZ_CP097881.1,2012713,2013996,yeaH,minus,,
NZ_CP097881.1,2014109,2016043,yeaG,minus,,
NZ_CP097881.1,2016479,2017225,mipA,plus,,
NZ_CP097881.1,2017315,2018169,yeaE,plus,,
NZ_CP097881.1,2018217,2019101,yeaD,minus,,
NZ_CP097881.1,2019185,2020180,gapA,minus,,
NZ_CP097881.1,2020522,2020935,msrB,plus,,
NZ_CP097881.1,2020977,2021249,yeaC,plus,,
NZ_CP097881.1,2021619,2022695,ydjL,plus,,
NZ_CP097881.1,2022722,2024101,ydjK,plus,,
NZ_CP097881.1,2024118,2025161,ydjJ,plus,,
NZ_CP097881.1,2025182,2026018,ydjI,plus,,
NZ_CP097881.1,2026023,2026970,ydjH,plus,,
NZ_CP097881.1,2026980,2027960,ydjG,plus,,
NZ_CP097881.1,2028097,2028855,ydjF,plus,,
NZ_CP097881.1,2028972,2030330,ydjE,plus,,
NZ_CP097881.1,2030423,2031064,pncA,minus,,
NZ_CP097881.1,2031075,2032091,ansA,minus,,
NZ_CP097881.1,2032258,2034114,sppA,minus,,
NZ_CP097881.1,2034275,2034826,ydjA,plus,,
NZ_CP097881.1,2034943,2035986,selD,plus,,
NZ_CP097881.1,2035991,2037952,topB,plus,,
NZ_CP097881.1,2038080,2039120,ynjI,plus,,
NZ_CP097881.1,2039237,2040580,gdhA,minus,,
NZ_CP097881.1,2040816,2041088,ynjH,plus,,
NZ_CP097881.1,2041054,2041461,nudG,minus,,
NZ_CP097881.1,2041548,2042168,ynjF,plus,,
NZ_CP097881.1,2042177,2043484,ynjE,minus,,
NZ_CP097881.1,2043551,2044204,ynjD,minus,,
NZ_CP097881.1,2044204,2045739,ynjC,minus,,
NZ_CP097881.1,2045712,2046878,ynjB,minus,,
NZ_CP097881.1,2046888,2047436,ynjA,minus,,
NZ_CP097881.1,2047436,2048143,ydjZ,minus,,
NZ_CP097881.1,2048158,2048835,ydjY,minus,,
NZ_CP097881.1,2048840,2049550,ydjX,minus,,
NZ_CP097881.1,2049717,2050523,xthA,minus,,
NZ_CP097881.1,2050969,2052189,astC,plus,,
NZ_CP097881.1,2052186,2053220,astA,plus,,
NZ_CP097881.1,2053217,2054695,astD,plus,,
NZ_CP097881.1,2054692,2056035,astB,plus,,
NZ_CP097881.1,2056028,2056996,astE,plus,,
NZ_CP097881.1,2057326,2057811,spy,plus,,
NZ_CP097881.1,2058014,2058589,ves,plus,,
NZ_CP097881.1,2058549,2059436,cho,minus,,
NZ_CP097881.1,2059666,2060493,nadE,minus,,
NZ_CP097881.1,2060695,2061033,osmE,plus,,
NZ_CP097881.1,2061332,2061652,chbB,plus,,
NZ_CP097881.1,2061737,2063095,chbC,plus,,
NZ_CP097881.1,2063146,2063496,chbA,plus,,
NZ_CP097881.1,2063504,2064346,chbR,plus,,
NZ_CP097881.1,2064451,2065803,celF,plus,,
NZ_CP097881.1,2065816,2066565,chbG,plus,,
NZ_CP097881.1,2066823,2069084,katE,minus,,
NZ_CP097881.1,2069267,2069530,cedA,plus,,
NZ_CP097881.1,2069819,2070622,ydjO,plus,,
NZ_CP097881.1,2070626,2072017,tcyP,minus,,
NZ_CP097881.1,2072150,2072740,ydjM,minus,,
NZ_CP097881.1,2072903,2073571,hxpB,minus,,
NZ_CP097881.1,2073718,2074254,yniB,plus,,
NZ_CP097881.1,2074295,2075155,yniA,minus,,
NZ_CP097881.1,2075261,2075551,ghoS,minus,,
NZ_CP097881.1,2075652,2076581,pfkB,minus,,
NZ_CP097881.1,2076868,2077626,ydiY,plus,,
NZ_CP097881.1,2077679,2077786,yniD,minus,,
NZ_CP097881.1,2077958,2079857,espL1,minus,,
NZ_CP097881.1,2080381,2082309,thrS,plus,,
NZ_CP097881.1,2082313,2082855,infC,plus,,
NZ_CP097881.1,2082952,2083149,rpmI,plus,,
NZ_CP097881.1,2083202,2083558,rplT,plus,,
NZ_CP097881.1,2083681,2083725,pheM,plus,,
NZ_CP097881.1,2084009,2084992,pheS,plus,,
NZ_CP097881.1,2085007,2087394,pheT,plus,,
NZ_CP097881.1,2087399,2087698,ihfA,plus,,
NZ_CP097881.1,2087799,2088779,btuC,plus,,
NZ_CP097881.1,2088842,2089393,btuE,plus,,
NZ_CP097881.1,2089393,2090142,btuD,plus,,
NZ_CP097881.1,2090220,2090684,nlpC,plus,,
NZ_CP097881.1,2090931,2091644,ydiV,plus,,
NZ_CP097881.1,2091707,2093143,selO,plus,,
NZ_CP097881.1,2093147,2093338,hemP,minus,,
NZ_CP097881.1,2093470,2094516,aroH,minus,,
NZ_CP097881.1,2094673,2095506,ppsR,minus,,
NZ_CP097881.1,2095839,2098217,ppsA,plus,,
NZ_CP097881.1,2098274,2099920,fadK,minus,,
NZ_CP097881.1,2099977,2100270,ydiT,minus,,
NZ_CP097881.1,2100267,2101556,ydiS,minus,,
NZ_CP097881.1,2101612,2102550,ydiR,minus,,
NZ_CP097881.1,2102570,2103334,ydiQ,minus,,
NZ_CP097881.1,2103650,2104561,ydiP,plus,,
NZ_CP097881.1,2104604,2105755,ydiO,minus,,
NZ_CP097881.1,2105769,2107364,ydiF,minus,,
NZ_CP097881.1,2107507,2108265,aroD,minus,,
NZ_CP097881.1,2108296,2109162,ydiB,minus,,
NZ_CP097881.1,2109174,2110439,ydiN,minus,,
NZ_CP097881.1,2110666,2111880,ydiM,minus,,
NZ_CP097881.1,2111980,2112336,ydiL,minus,,
NZ_CP097881.1,2112472,2112579,rprA,minus,,
NZ_CP097881.1,2112765,2113877,ydiK,minus,,
NZ_CP097881.1,2114266,2117322,ydiJ,plus,,
NZ_CP097881.1,2117319,2117729,menI,plus,,
NZ_CP097881.1,2117829,2118017,ydiH,plus,,
NZ_CP097881.1,2118565,2118933,sufA,plus,,
NZ_CP097881.1,2118942,2120429,sufB,plus,,
NZ_CP097881.1,2120439,2121185,sufC,plus,,
NZ_CP097881.1,2121160,2122431,sufD,plus,,
NZ_CP097881.1,2122428,2123648,sufS,plus,,
NZ_CP097881.1,2123661,2124077,sufE,plus,,
NZ_CP097881.1,2124226,2125230,ldtE,plus,,
NZ_CP097881.1,2125294,2125530,lpp,minus,,
NZ_CP097881.1,2125841,2127253,pykF,minus,,
NZ_CP097881.1,2127261,2127455,,minus,,
NZ_CP097881.1,2127810,2128019,fumD,plus,,
NZ_CP097881.1,2128474,2129100,ydhY,plus,,
NZ_CP097881.1,2129121,2131223,ydhV,plus,,
NZ_CP097881.1,2131236,2131874,ydhW,plus,,
NZ_CP097881.1,2131938,2132606,ydhX,plus,,
NZ_CP097881.1,2132603,2133388,phsC,plus,,
NZ_CP097881.1,2133392,2134204,ydhT,plus,,
NZ_CP097881.1,2134216,2135820,ydhS,minus,,
NZ_CP097881.1,2135946,2136251,ydhR,minus,,
NZ_CP097881.1,2136359,2136435,,minus,,
NZ_CP097881.1,2136440,2136516,,minus,,
NZ_CP097881.1,2136824,2138080,ydhQ,plus,,
NZ_CP097881.1,2138121,2139494,mdtK,minus,,
NZ_CP097881.1,2139709,2140350,ribE,plus,,
NZ_CP097881.1,2140390,2141538,cfa,minus,,
NZ_CP097881.1,2141829,2143040,punC,minus,,
NZ_CP097881.1,2143153,2144085,punR,plus,,
NZ_CP097881.1,2144082,2145107,purR,minus,,
NZ_CP097881.1,2145406,2145495,cydH,plus,,
NZ_CP097881.1,2145661,2146830,ydhP,plus,,
NZ_CP097881.1,2146992,2147573,sodB,minus,,
NZ_CP097881.1,2147701,2148516,mepH,minus,,
NZ_CP097881.1,2148850,2149197,grxD,plus,,
NZ_CP097881.1,2149248,2153864,lhr,minus,,
NZ_CP097881.1,2153957,2154604,rnt,minus,,
NZ_CP097881.1,2154707,2155114,gloA,minus,,
NZ_CP097881.1,2155195,2156292,nemA,minus,,
NZ_CP097881.1,2156329,2156928,nemR,minus,,
NZ_CP097881.1,2157031,2157270,ydhL,plus,,
NZ_CP097881.1,2157319,2158215,ydhF,plus,,
NZ_CP097881.1,2158296,2158817,sodC,plus,,
NZ_CP097881.1,2158818,2160830,ydhK,minus,,
NZ_CP097881.1,2160830,2161687,ydhJ,minus,,
NZ_CP097881.1,2161690,2161926,ydhI,minus,,
NZ_CP097881.1,2162127,2162561,slyA,plus,,
NZ_CP097881.1,2162608,2163075,slyB,minus,,
NZ_CP097881.1,2163349,2164458,anmK,plus,,
NZ_CP097881.1,2164556,2164885,mliC,plus,,
NZ_CP097881.1,2164944,2165600,pdxH,plus,,
NZ_CP097881.1,2165729,2167003,tyrS,plus,,
NZ_CP097881.1,2167062,2167925,pdxY,plus,,
NZ_CP097881.1,2167969,2168574,gstA,minus,,
NZ_CP097881.1,2168680,2170182,dtpA,minus,,
NZ_CP097881.1,2170793,2171428,nth,minus,,
NZ_CP097881.1,2171428,2172123,rsxE,minus,,
NZ_CP097881.1,2172127,2172747,rsxG,minus,,
NZ_CP097881.1,2172751,2173809,rsxD,minus,,
NZ_CP097881.1,2173810,2176032,rsxC,minus,,
NZ_CP097881.1,2176025,2176603,rsxB,minus,,
NZ_CP097881.1,2176603,2177184,rsxA,minus,,
NZ_CP097881.1,2177261,2177701,ydgK,minus,,
NZ_CP097881.1,2177787,2178002,ydgT,minus,,
NZ_CP097881.1,2178275,2178400,blr,minus,,
NZ_CP097881.1,2178643,2179683,ydgJ,plus,,
NZ_CP097881.1,2179717,2180718,add,minus,,
NZ_CP097881.1,2180822,2181994,malY,minus,,
NZ_CP097881.1,2182004,2183596,malX,minus,,
NZ_CP097881.1,2183771,2184799,malI,plus,,
NZ_CP097881.1,2184911,2185678,hdhA,plus,,
NZ_CP097881.1,2185899,2186489,uidR,plus,,
NZ_CP097881.1,2186880,2188691,uidA,plus,,
NZ_CP097881.1,2188688,2190061,uidB,plus,,
NZ_CP097881.1,2190100,2191365,uidC,plus,,
NZ_CP097881.1,2191591,2193099,ydgA,minus,,
NZ_CP097881.1,2193200,2194375,manA,minus,,
NZ_CP097881.1,2194574,2196220,fumB,plus,,
NZ_CP097881.1,2196363,2197766,fumC,plus,,
NZ_CP097881.1,2197763,2198692,tus,minus,,
NZ_CP097881.1,2198768,2200069,rstB,minus,,
NZ_CP097881.1,2200073,2200792,rstA,minus,,
NZ_CP097881.1,2200921,2201256,ydgC,plus,,
NZ_CP097881.1,2201253,2201975,folM,minus,,
NZ_CP097881.1,2202012,2203394,ydgI,minus,,
NZ_CP097881.1,2203580,2204524,ydgH,minus,,
NZ_CP097881.1,2205048,2206580,pntA,plus,,
NZ_CP097881.1,2206591,2207979,pntB,plus,,
NZ_CP097881.1,2208004,2209038,tqsA,minus,,
NZ_CP097881.1,2209450,2209815,mdtJ,plus,,
NZ_CP097881.1,2209802,2210131,mdtI,plus,,
NZ_CP097881.1,2210170,2210991,ydgD,minus,,
NZ_CP097881.1,2211091,2211174,,minus,,
NZ_CP097881.1,2211267,2211575,asr,minus,,
NZ_CP097881.1,2211879,2211950,,plus,,
NZ_CP097881.1,2211999,2213252,ynfM,minus,,
NZ_CP097881.1,2213359,2214252,ynfL,plus,,
NZ_CP097881.1,2214387,2215607,mlc,plus,,
NZ_CP097881.1,2215732,2216427,bioD,plus,,
NZ_CP097881.1,2216380,2217672,clcB,minus,,
NZ_CP097881.1,2217831,2218445,dmsD,minus,,
NZ_CP097881.1,2218488,2219342,ynfH,minus,,
NZ_CP097881.1,2219344,2219961,ynfG,minus,,
NZ_CP097881.1,2219972,2222395,ynfF,minus,,
NZ_CP097881.1,2222456,2224882,ynfE,minus,,
NZ_CP097881.1,2225081,2225386,ynfD,minus,,
NZ_CP097881.1,2225494,2226204,ynfC,plus,,
NZ_CP097881.1,2226207,2226767,speG,minus,,
NZ_CP097881.1,2226802,2227143,ynfB,minus,,
NZ_CP097881.1,2227278,2227604,ynfA,plus,,
NZ_CP097881.1,2227810,2229024,rspA,plus,,
NZ_CP097881.1,2229036,2230055,rspB,plus,,
NZ_CP097881.1,2230243,2231406,,minus,,
NZ_CP097881.1,2231414,2232109,,minus,,
NZ_CP097881.1,2232106,2232873,,minus,,
NZ_CP097881.1,2232966,2233157,ydfD,minus,,
NZ_CP097881.1,2233154,2233342,dicB,minus,,
NZ_CP097881.1,2233910,2234128,ydfC,minus,,
NZ_CP097881.1,2234158,2234286,ydfB,minus,,
NZ_CP097881.1,2234288,2234443,ydfA,minus,,
NZ_CP097881.1,2234610,2235017,dicA,minus,,
NZ_CP097881.1,2235101,2235331,dicC,plus,,
NZ_CP097881.1,2235315,2235593,ydfX,plus,,
NZ_CP097881.1,2235628,2235777,ydfW,plus,,
NZ_CP097881.1,2236214,2236546,flxA,minus,,
NZ_CP097881.1,2236749,2237054,ydfV,minus,,
NZ_CP097881.1,2237079,2237318,relB,plus,,
NZ_CP097881.1,2237318,2237605,relE,plus,,
NZ_CP097881.1,2237677,2237832,hokD,plus,,
NZ_CP097881.1,2238049,2238300,rem,plus,,
NZ_CP097881.1,2238367,2238645,,plus,,
NZ_CP097881.1,2238647,2239696,ydfU,plus,,
NZ_CP097881.1,2239710,2240462,ydfT,plus,,
NZ_CP097881.1,2240740,2240829,,minus,,
NZ_CP097881.1,2240884,2241096,cspF,minus,,
NZ_CP097881.1,2241397,2241612,cspB,plus,,
NZ_CP097881.1,2241976,2242146,ynfU,minus,,
NZ_CP097881.1,2242366,2242581,essD,plus,,
NZ_CP097881.1,2242586,2242897,ydfR,plus,,
NZ_CP097881.1,2242894,2243427,rrrQ,plus,,
NZ_CP097881.1,2243424,2243921,rzpQ,plus,,
NZ_CP097881.1,2244284,2244496,cspI,plus,,
NZ_CP097881.1,2244507,2244695,ynfQ,plus,,
NZ_CP097881.1,2244698,2244763,ynfR,plus,,
NZ_CP097881.1,2244768,2244997,ynfN,plus,,
NZ_CP097881.1,2245169,2245342,gnsB,plus,,
NZ_CP097881.1,2245494,2245904,ydfO,minus,,
NZ_CP097881.1,2245962,2246195,ynfO,minus,,
NZ_CP097881.1,2246584,2247153,nohA,plus,,
NZ_CP097881.1,2247365,2248066,,plus,,
NZ_CP097881.1,2248066,2248641,tfaQ,plus,,
NZ_CP097881.1,2248739,2249329,pinQ,minus,,
NZ_CP097881.1,2249646,2249879,ydfK,minus,,
NZ_CP097881.1,2249948,2250061,ynfT,minus,,
NZ_CP097881.1,2250666,2251949,ydfJ,plus,,
NZ_CP097881.1,2252038,2253498,ydfI,plus,,
NZ_CP097881.1,2253533,2253736,ydfZ,minus,,
NZ_CP097881.1,2253913,2254599,rspR,minus,,
NZ_CP097881.1,2254688,2255434,ydfG,minus,,
NZ_CP097881.1,2255571,2257616,dcp,plus,,
NZ_CP097881.1,2257660,2258178,ydeJ,minus,,
NZ_CP097881.1,2258454,2258846,ydeI,plus,,
NZ_CP097881.1,2259101,2259991,dgcZ,plus,,
NZ_CP097881.1,2260106,2260210,mgtT,minus,,
NZ_CP097881.1,2260210,2260305,mgtS,minus,,
NZ_CP097881.1,2260432,2261619,ydeE,minus,,
NZ_CP097881.1,2261814,2262713,eamA,plus,,
NZ_CP097881.1,2262744,2262962,marB,minus,,
NZ_CP097881.1,2262994,2263377,marA,minus,,
NZ_CP097881.1,2263397,2263831,marR,minus,,
NZ_CP097881.1,2264043,2264708,marC,plus,,
NZ_CP097881.1,2264733,2265923,ydeA,minus,,
NZ_CP097881.1,2266073,2267188,yneK,minus,,
NZ_CP097881.1,2267266,2268147,ptrR,minus,,
NZ_CP097881.1,2268248,2269636,sad,plus,,
NZ_CP097881.1,2269700,2270626,glsB,plus,,
NZ_CP097881.1,2270626,2270985,yneG,plus,,
NZ_CP097881.1,2271058,2272044,dgcF,plus,,
NZ_CP097881.1,2272271,2273722,uxaB,plus,,
NZ_CP097881.1,2273929,2274843,yneE,plus,,
NZ_CP097881.1,2274847,2275605,tam,minus,,
NZ_CP097881.1,2275662,2275952,lsrG,minus,,
NZ_CP097881.1,2275976,2276851,lsrF,minus,,
NZ_CP097881.1,2276878,2277900,lsrB,minus,,
NZ_CP097881.1,2277912,2278904,lsrD,minus,,
NZ_CP097881.1,2278904,2279932,lsrC,minus,,
NZ_CP097881.1,2279926,2281461,lsrA,minus,,
NZ_CP097881.1,2281710,2282663,lsrR,plus,,
NZ_CP097881.1,2282742,2284334,lsrK,plus,,
NZ_CP097881.1,2284865,2290286,,plus,,
NZ_CP097881.1,2290509,2290775,hipB,plus,,
NZ_CP097881.1,2290775,2292097,hipA,plus,,
NZ_CP097881.1,2292409,2292617,,plus,,
NZ_CP097881.1,2292872,2294098,ydeT,plus,,
NZ_CP097881.1,2294112,2294642,ydeS,plus,,
NZ_CP097881.1,2294655,2295158,ydeR,plus,,
NZ_CP097881.1,2295217,2296131,ydeQ,plus,,
NZ_CP097881.1,2296465,2298744,ydeP,plus,,
NZ_CP097881.1,2298992,2299189,safA,plus,,
NZ_CP097881.1,2299264,2300025,ydeO,plus,,
NZ_CP097881.1,2300427,2302109,ydeN,plus,,
NZ_CP097881.1,2302161,2303318,ydeM,plus,,
NZ_CP097881.1,2303284,2303406,,minus,,
NZ_CP097881.1,2303609,2305294,yddA,plus,,
NZ_CP097881.1,2305332,2307704,yddB,plus,,
NZ_CP097881.1,2307761,2310544,pqqL,plus,,
NZ_CP097881.1,2310906,2312306,gadB,plus,,
NZ_CP097881.1,2312462,2313997,gadC,plus,,
NZ_CP097881.1,2314128,2315447,digH,plus,,
NZ_CP097881.1,2315811,2317193,dosC,plus,,
NZ_CP097881.1,2317218,2319617,dosP,plus,,
NZ_CP097881.1,2319875,2320456,ddpX,plus,,
NZ_CP097881.1,2320470,2322020,ddpA,plus,,
NZ_CP097881.1,2322022,2323044,ddpB,plus,,
NZ_CP097881.1,2323041,2323937,ddpC,plus,,
NZ_CP097881.1,2323934,2324920,ddpD,plus,,
NZ_CP097881.1,2324913,2325839,ddpF,plus,,
NZ_CP097881.1,2325895,2326326,osmC,minus,,
NZ_CP097881.1,2326671,2326886,bdm,plus,,
NZ_CP097881.1,2326988,2327125,sra,plus,,
NZ_CP097881.1,2327282,2328979,maeA,plus,,
NZ_CP097881.1,2329113,2330123,adhP,plus,,
NZ_CP097881.1,2330269,2330553,yddM,plus,,
NZ_CP097881.1,2330960,2331613,fdnI,minus,,
NZ_CP097881.1,2331606,2332490,fdnH,minus,,
NZ_CP097881.1,2332503,2335550,fdnG,minus,,
NZ_CP097881.1,2335782,2336663,yddG,plus,,
NZ_CP097881.1,2336923,2337198,yddL,plus,,
NZ_CP097881.1,2337237,2338567,,plus,,
NZ_CP097881.1,2338891,2340279,narU,plus,,
NZ_CP097881.1,2340361,2344101,narZ,plus,,
NZ_CP097881.1,2344098,2345642,narH,plus,,
NZ_CP097881.1,2345642,2346337,narW,plus,,
NZ_CP097881.1,2346334,2347014,narI,plus,,
NZ_CP097881.1,2347093,2347986,yddE,plus,,
NZ_CP097881.1,2348082,2348927,nhoA,minus,,
NZ_CP097881.1,2349100,2349669,yddH,plus,,
NZ_CP097881.1,2349666,2349899,pptA,minus,,
NZ_CP097881.1,2349999,2351135,ydcC,minus,,
NZ_CP097881.1,2351221,2352365,,minus,,
NZ_CP097881.1,2352447,2352632,,plus,,
NZ_CP097881.1,2352547,2353029,ydcD,minus,,
NZ_CP097881.1,2353013,2355049,,minus,,
NZ_CP097881.1,2355799,2356011,yncH,minus,,
NZ_CP097881.1,2356087,2356704,yncG,minus,,
NZ_CP097881.1,2356971,2358470,ansP,plus,,
NZ_CP097881.1,2358583,2359644,yncE,minus,,
NZ_CP097881.1,2359886,2361988,pqqU,plus,,
NZ_CP097881.1,2362024,2362689,mcbR,minus,,
NZ_CP097881.1,2362887,2363924,curA,minus,,
NZ_CP097881.1,2364105,2364623,mnaT,plus,,
NZ_CP097881.1,2364620,2365069,ydcZ,plus,,
NZ_CP097881.1,2365070,2365303,ydcY,minus,,
NZ_CP097881.1,2365389,2365562,ortT,minus,,
NZ_CP097881.1,2365757,2365852,yncL,plus,,
NZ_CP097881.1,2365949,2367373,patD,minus,,
NZ_CP097881.1,2367395,2368189,ydcV,minus,,
NZ_CP097881.1,2368179,2369120,ydcU,minus,,
NZ_CP097881.1,2369121,2370134,ydcT,minus,,
NZ_CP097881.1,2370152,2371297,ydcS,minus,,
NZ_CP097881.1,2371542,2372948,ydcR,minus,,
NZ_CP097881.1,2373027,2373443,hicB,minus,,
NZ_CP097881.1,2373489,2373665,hicA,minus,,
NZ_CP097881.1,2373887,2374117,yncJ,plus,,
NZ_CP097881.1,2374209,2376170,rlhA,minus,,
NZ_CP097881.1,2376243,2376779,sutR,minus,,
NZ_CP097881.1,2376871,2378046,ydcO,plus,,
NZ_CP097881.1,2378086,2379294,insQ,minus,,
NZ_CP097881.1,2379302,2379727,tnpA,plus,,
NZ_CP097881.1,2379826,2380494,ydcL,minus,,
NZ_CP097881.1,2380796,2381389,tehB,minus,,
NZ_CP097881.1,2381386,2382378,tehA,minus,,
NZ_CP097881.1,2382502,2383482,ydcK,plus,,
NZ_CP097881.1,2383474,2384013,rimL,minus,,
NZ_CP097881.1,2384076,2384300,ydcH,minus,,
NZ_CP097881.1,2384440,2386095,opgD,minus,,
NZ_CP097881.1,2386320,2387663,ydcJ,minus,,
NZ_CP097881.1,2387880,2388803,ydcI,plus,,
NZ_CP097881.1,2388841,2390481,trg,minus,,
NZ_CP097881.1,2390880,2391029,hokB,plus,,
NZ_CP097881.1,2391007,2391075,yncP,minus,,
NZ_CP097881.1,2391101,2391274,,minus,,
NZ_CP097881.1,2391519,2392049,cybB,minus,,
NZ_CP097881.1,2392238,2393238,gap,plus,,
NZ_CP097881.1,2393280,2394719,aldA,minus,,
NZ_CP097881.1,2394916,2395716,ydcF,minus,,
NZ_CP097881.1,2395988,2399890,hrpA,minus,,
NZ_CP097881.1,2400091,2400696,azoR,plus,,
NZ_CP097881.1,2400750,2402066,ynbD,minus,,
NZ_CP097881.1,2402056,2403813,ynbC,minus,,
NZ_CP097881.1,2403829,2404725,ynbB,minus,,
NZ_CP097881.1,2404725,2405330,ynbA,minus,,
NZ_CP097881.1,2405501,2407807,ydbD,minus,,
NZ_CP097881.1,2407870,2408730,pdxI,minus,,
NZ_CP097881.1,2408938,2412435,,minus,,
NZ_CP097881.1,2412442,2413593,,minus,,
NZ_CP097881.1,2413802,2415030,,plus,,
NZ_CP097881.1,2415034,2417559,,minus,,
NZ_CP097881.1,2417721,2417786,,plus,,
NZ_CP097881.1,2417890,2418480,paaY,minus,,
NZ_CP097881.1,2418462,2419412,paaX,minus,,
NZ_CP097881.1,2419513,2420826,paaK,minus,,
NZ_CP097881.1,2420853,2422058,paaJ,minus,,
NZ_CP097881.1,2422058,2422480,paaI,minus,,
NZ_CP097881.1,2422470,2423897,paaH,minus,,
NZ_CP097881.1,2423899,2424687,paaG,minus,,
NZ_CP097881.1,2424687,2425454,paaF,minus,,
NZ_CP097881.1,2425451,2426521,paaE,minus,,
NZ_CP097881.1,2426529,2427026,paaD,minus,,
NZ_CP097881.1,2427041,2427787,paaC,minus,,
NZ_CP097881.1,2427796,2428083,paaB,minus,,
NZ_CP097881.1,2428095,2429024,paaA,minus,,
NZ_CP097881.1,2429309,2431354,paaZ,plus,,
NZ_CP097881.1,2431602,2433875,tynA,plus,,
NZ_CP097881.1,2433933,2435432,feaB,minus,,
NZ_CP097881.1,2435668,2436573,feaR,plus,,
NZ_CP097881.1,2436745,2437071,ydbL,minus,,
NZ_CP097881.1,2437079,2437264,ynbE,minus,,
NZ_CP097881.1,2437261,2439900,ydbH,minus,,
NZ_CP097881.1,2440108,2441097,ldhA,plus,,
NZ_CP097881.1,2441208,2441630,hslJ,plus,,
NZ_CP097881.1,2441627,2441893,ydbJ,minus,,
NZ_CP097881.1,2442167,2445691,nifJ,plus,,
NZ_CP097881.1,2446058,2447191,ompN,plus,,
NZ_CP097881.1,2447397,2448377,,minus,,
NZ_CP097881.1,2448567,2449598,ynaI,plus,,
NZ_CP097881.1,2449649,2451262,mppA,minus,,
NZ_CP097881.1,2451599,2452498,pgrR,minus,,
NZ_CP097881.1,2452636,2453556,ycjY,plus,,
NZ_CP097881.1,2453627,2453764,,plus,,
NZ_CP097881.1,2453891,2454619,mpaA,plus,,
NZ_CP097881.1,2454594,2455559,ycjG,minus,,
NZ_CP097881.1,2455678,2456184,tpx,plus,,
NZ_CP097881.1,2456228,2457769,tyrR,minus,,
NZ_CP097881.1,2457917,2458978,ycjF,minus,,
NZ_CP097881.1,2458975,2460372,ycjX,minus,,
NZ_CP097881.1,2460528,2461526,ycjW,plus,,
NZ_CP097881.1,2461637,2462542,ompG,minus,,
NZ_CP097881.1,2462587,2463668,,minus,,
NZ_CP097881.1,2463682,2464341,pgmB,minus,,
NZ_CP097881.1,2464338,2466605,ycjT,minus,,
NZ_CP097881.1,2466602,2467657,ycjS,minus,,
NZ_CP097881.1,2467667,2468455,ycjR,minus,,
NZ_CP097881.1,2468474,2469526,ycjQ,minus,,
NZ_CP097881.1,2469557,2470399,ycjP,minus,,
NZ_CP097881.1,2470386,2471267,ycjO,minus,,
NZ_CP097881.1,2471288,2472580,ycjN,minus,,
NZ_CP097881.1,2472594,2474273,ycjM,minus,,
NZ_CP097881.1,2474486,2474800,pspE,minus,,
NZ_CP097881.1,2474875,2475096,pspD,minus,,
NZ_CP097881.1,2475105,2475464,pspC,minus,,
NZ_CP097881.1,2475464,2475688,pspB,minus,,
NZ_CP097881.1,2475742,2476410,pspA,minus,,
NZ_CP097881.1,2476577,2477554,pspF,plus,,
NZ_CP097881.1,2477674,2478939,puuE,minus,,
NZ_CP097881.1,2478977,2480257,puuB,minus,,
NZ_CP097881.1,2480259,2481746,puuC,minus,,
NZ_CP097881.1,2482021,2482578,puuR,minus,,
NZ_CP097881.1,2482605,2483369,puuD,minus,,
NZ_CP097881.1,2483581,2484999,puuA,plus,,
NZ_CP097881.1,2485148,2485312,,plus,,
NZ_CP097881.1,2485302,2486687,puuP,plus,,
NZ_CP097881.1,2486821,2487066,ymjA,plus,,
NZ_CP097881.1,2487379,2489022,sapA,plus,,
NZ_CP097881.1,2489019,2489984,sapB,plus,,
NZ_CP097881.1,2489971,2490861,sapC,plus,,
NZ_CP097881.1,2490861,2491853,sapD,plus,,
NZ_CP097881.1,2491855,2492661,sapF,plus,,
NZ_CP097881.1,2492729,2493082,ycjD,plus,,
NZ_CP097881.1,2493450,2494238,fabI,plus,,
NZ_CP097881.1,2494382,2495509,yciW,plus,,
NZ_CP097881.1,2495577,2497511,rnb,plus,,
NZ_CP097881.1,2497589,2497693,,minus,,
NZ_CP097881.1,2497747,2499732,pdeR,plus,,
NZ_CP097881.1,2499714,2499842,ymiD,minus,,
NZ_CP097881.1,2499880,2500053,yciZ,plus,,
NZ_CP097881.1,2500143,2500892,yciT,plus,,
NZ_CP097881.1,2501161,2501379,osmB,plus,,
NZ_CP097881.1,2501505,2501831,yciH,minus,,
NZ_CP097881.1,2501831,2502568,pyrF,minus,,
NZ_CP097881.1,2502762,2503931,lapB,minus,,
NZ_CP097881.1,2503938,2504246,lapA,minus,,
NZ_CP097881.1,2504395,2505159,pgpB,minus,,
NZ_CP097881.1,2505329,2505919,ribA,plus,,
NZ_CP097881.1,2505983,2508658,acnA,minus,,
NZ_CP097881.1,2508822,2508917,ymiC,minus,,
NZ_CP097881.1,2509031,2509198,yciX,minus,,
NZ_CP097881.1,2509201,2509341,ymiA,minus,,
NZ_CP097881.1,2509660,2510634,cysB,minus,,
NZ_CP097881.1,2510844,2513441,topA,minus,,
NZ_CP097881.1,2513821,2514072,yciN,plus,,
NZ_CP097881.1,2514108,2515157,sohB,minus,,
NZ_CP097881.1,2515377,2516135,yciK,plus,,
NZ_CP097881.1,2516132,2516722,cobO,plus,,
NZ_CP097881.1,2516762,2517637,rluB,minus,,
NZ_CP097881.1,2517848,2519743,yciQ,minus,,
NZ_CP097881.1,2519771,2520391,yciO,minus,,
NZ_CP097881.1,2520388,2521269,rnm,minus,,
NZ_CP097881.1,2521407,2521451,trpL,plus,,
NZ_CP097881.1,2521543,2523105,trpE,plus,,
NZ_CP097881.1,2523105,2524700,trpD,plus,,
NZ_CP097881.1,2524701,2526062,trpCF,plus,,
NZ_CP097881.1,2526074,2527267,trpB,plus,,
NZ_CP097881.1,2527267,2528073,trpA,plus,,
NZ_CP097881.1,2528454,2528633,yciG,plus,,
NZ_CP097881.1,2528719,2529219,yciF,plus,,
NZ_CP097881.1,2529265,2529771,yciE,plus,,
NZ_CP097881.1,2529831,2530469,ompW,minus,,
NZ_CP097881.1,2530709,2530798,,plus,,
NZ_CP097881.1,2530826,2531569,yciC,plus,,
NZ_CP097881.1,2531599,2532138,yciB,plus,,
NZ_CP097881.1,2532243,2532641,yciA,plus,,
NZ_CP097881.1,2532681,2533400,tonB,minus,,
NZ_CP097881.1,2533624,2533920,yciI,plus,,
NZ_CP097881.1,2534220,2535473,kch,plus,,
NZ_CP097881.1,2535528,2535701,yciY,minus,,
NZ_CP097881.1,2535844,2537304,cls,plus,,
NZ_CP097881.1,2537339,2537668,yciU,plus,,
NZ_CP097881.1,2537721,2538725,oppF,minus,,
NZ_CP097881.1,2538722,2539735,oppD,minus,,
NZ_CP097881.1,2539747,2540655,oppC,minus,,
NZ_CP097881.1,2540670,2541590,oppB,minus,,
NZ_CP097881.1,2541676,2543307,oppA,minus,,
NZ_CP097881.1,2543591,2543887,,plus,,
NZ_CP097881.1,2544045,2544692,ychE,minus,,
NZ_CP097881.1,2544723,2544776,ychE,minus,,
NZ_CP097881.1,2545169,2547844,adhE,plus,,
NZ_CP097881.1,2547968,2548864,,plus,,
NZ_CP097881.1,2549146,2549763,tdk,minus,,
NZ_CP097881.1,2550368,2550781,hns,plus,,
NZ_CP097881.1,2550925,2551833,galU,minus,,
NZ_CP097881.1,2552035,2553048,rssB,minus,,
NZ_CP097881.1,2553140,2554045,rssA,minus,,
NZ_CP097881.1,2554158,2554616,ychJ,plus,,
NZ_CP097881.1,2554666,2555508,purU,plus,,
NZ_CP097881.1,2555668,2555752,,plus,,
NZ_CP097881.1,2555796,2555927,,plus,,
NZ_CP097881.1,2555962,2556046,,plus,,
NZ_CP097881.1,2556093,2556224,,plus,,
NZ_CP097881.1,2556271,2556402,,plus,,
NZ_CP097881.1,2556449,2556580,,plus,,
NZ_CP097881.1,2556764,2557441,narI,minus,,
NZ_CP097881.1,2557441,2558151,narJ,minus,,
NZ_CP097881.1,2558148,2559686,narH,minus,,
NZ_CP097881.1,2559683,2563426,narG,minus,,
NZ_CP097881.1,2563942,2565333,narK,minus,,
NZ_CP097881.1,2565672,2567468,narX,plus,,
NZ_CP097881.1,2567461,2568111,narL,plus,,
NZ_CP097881.1,2568112,2569506,ychO,minus,,
NZ_CP097881.1,2569691,2570044,ychN,plus,,
NZ_CP097881.1,2570088,2570783,chaC,minus,,
NZ_CP097881.1,2570941,2571171,chaB,minus,,
NZ_CP097881.1,2571441,2572541,chaA,plus,,
NZ_CP097881.1,2572945,2573052,,plus,,
NZ_CP097881.1,2573480,2573587,,plus,,
NZ_CP097881.1,2574015,2574122,,plus,,
NZ_CP097881.1,2574271,2575125,kdsA,minus,,
NZ_CP097881.1,2575161,2575970,sirB1,minus,,
NZ_CP097881.1,2575974,2576366,sirB2,minus,,
NZ_CP097881.1,2576363,2577196,prmC,minus,,
NZ_CP097881.1,2577196,2578278,prfA,minus,,
NZ_CP097881.1,2578320,2579576,hemA,minus,,
NZ_CP097881.1,2579790,2580413,lolB,plus,,
NZ_CP097881.1,2580413,2581264,ispE,plus,,
NZ_CP097881.1,2581415,2582362,prs,plus,,
NZ_CP097881.1,2582514,2584166,dauA,plus,,
NZ_CP097881.1,2584221,2584499,ychH,minus,,
NZ_CP097881.1,2584777,2585361,pth,plus,,
NZ_CP097881.1,2585478,2586569,ychF,plus,,
NZ_CP097881.1,2587338,2590205,ycgV,plus,,
NZ_CP097881.1,2590305,2592224,dhaR,minus,,
NZ_CP097881.1,2592452,2593522,dhaK,plus,,
NZ_CP097881.1,2593533,2594165,dhaL,plus,,
NZ_CP097881.1,2594176,2595594,dhaM,plus,,
NZ_CP097881.1,2595914,2597611,treA,plus,,
NZ_CP097881.1,2597690,2598130,ycgY,minus,,
NZ_CP097881.1,2598308,2598562,ymgE,minus,,
NZ_CP097881.1,2598763,2599497,ycgR,plus,,
NZ_CP097881.1,2599499,2600110,emtA,minus,,
NZ_CP097881.1,2600210,2601124,ldcA,plus,,
NZ_CP097881.1,2601219,2602955,cvrA,plus,,
NZ_CP097881.1,2603341,2604411,dadX,minus,,
NZ_CP097881.1,2604421,2605719,dadA,minus,,
NZ_CP097881.1,2606049,2607581,ycgB,plus,,
NZ_CP097881.1,2607633,2608352,fadR,minus,,
NZ_CP097881.1,2608573,2610114,nhaB,plus,,
NZ_CP097881.1,2610260,2610790,dsbB,plus,,
NZ_CP097881.1,2610836,2612104,umuC,minus,,
NZ_CP097881.1,2612104,2612523,umuD,minus,,
NZ_CP097881.1,2612896,2613807,hlyE,plus,,
NZ_CP097881.1,2614014,2614460,ycgN,minus,,
NZ_CP097881.1,2614552,2615211,ycgM,minus,,
NZ_CP097881.1,2615283,2615576,,minus,,
NZ_CP097881.1,2615818,2616219,pliG,plus,,
NZ_CP097881.1,2616322,2616690,ycgJ,minus,,
NZ_CP097881.1,2617210,2617905,minC,plus,,
NZ_CP097881.1,2617929,2618741,minD,plus,,
NZ_CP097881.1,2618745,2619011,minE,plus,,
NZ_CP097881.1,2619383,2619726,,minus,,
NZ_CP097881.1,2619761,2619880,,minus,,
NZ_CP097881.1,2619841,2620026,ymgJ,minus,,
NZ_CP097881.1,2620127,2620300,ymgI,plus,,
NZ_CP097881.1,2620302,2620646,ymgG,plus,,
NZ_CP097881.1,2620650,2620985,ymgD,plus,,
NZ_CP097881.1,2621042,2623689,ycgH,minus,,
NZ_CP097881.1,2624089,2624307,ymgF,minus,,
NZ_CP097881.1,2624439,2625962,pdeG,minus,,
NZ_CP097881.1,2626294,2626542,ymgC,minus,,
NZ_CP097881.1,2626655,2626921,ariR,minus,,
NZ_CP097881.1,2626950,2627222,ymgA,minus,,
NZ_CP097881.1,2627265,2627501,ycgZ,minus,,
NZ_CP097881.1,2627815,2629026,bluF,plus,,
NZ_CP097881.1,2629231,2629962,bluR,plus,,
NZ_CP097881.1,2630183,2630587,ycgX,plus,,
NZ_CP097881.1,2630640,2630750,,plus,,
NZ_CP097881.1,2630986,2631030,,plus,,
NZ_CP097881.1,2631287,2631610,iraM,plus,,
NZ_CP097881.1,2631713,2631880,,minus,,
NZ_CP097881.1,2632111,2632944,mcrA,minus,,
NZ_CP097881.1,2633051,2633605,pinE,minus,,
NZ_CP097881.1,2633668,2634012,,plus,,
NZ_CP097881.1,2634014,2634427,tfaP,plus,,
NZ_CP097881.1,2634399,2635001,tfaE,minus,,
NZ_CP097881.1,2635276,2635789,,minus,,
NZ_CP097881.1,2635793,2636377,ymfQ,minus,,
NZ_CP097881.1,2636368,2637162,,minus,,
NZ_CP097881.1,2637152,2637559,,minus,,
NZ_CP097881.1,2637559,2637741,ymfR,minus,,
NZ_CP097881.1,2637753,2638889,,minus,,
NZ_CP097881.1,2638944,2639120,,minus,,
NZ_CP097881.1,2639110,2639289,,minus,,
NZ_CP097881.1,2639465,2640022,ymfL,minus,,
NZ_CP097881.1,2640066,2640266,ymfT,minus,,
NZ_CP097881.1,2640357,2641031,ymfK,plus,,
NZ_CP097881.1,2641206,2641514,ymfJ,plus,,
NZ_CP097881.1,2641452,2641793,ymfI,minus,,
NZ_CP097881.1,2641910,2642221,ymfH,plus,,
NZ_CP097881.1,2642258,2642503,xisE,plus,,
NZ_CP097881.1,2642484,2643611,intE,plus,,
NZ_CP097881.1,2643702,2644595,lit,minus,,
NZ_CP097881.1,2645053,2645757,ymfE,plus,,
NZ_CP097881.1,2645758,2646423,ymfD,plus,,
NZ_CP097881.1,2646917,2648167,icd,minus,,
NZ_CP097881.1,2648339,2648992,rluE,plus,,
NZ_CP097881.1,2649002,2649463,nudJ,plus,,
NZ_CP097881.1,2649517,2650623,mnmA,plus,,
NZ_CP097881.1,2650659,2651300,hflD,plus,,
NZ_CP097881.1,2651304,2652674,purB,plus,,
NZ_CP097881.1,2652843,2653514,phoP,plus,,
NZ_CP097881.1,2653514,2654974,phoQ,plus,,
NZ_CP097881.1,2655050,2656171,roxA,plus,,
NZ_CP097881.1,2656220,2657446,pepT,minus,,
NZ_CP097881.1,2657696,2658832,potA,plus,,
NZ_CP097881.1,2658816,2659673,potB,plus,,
NZ_CP097881.1,2659670,2660464,potC,plus,,
NZ_CP097881.1,2660461,2661507,potD,plus,,
NZ_CP097881.1,2661565,2662026,ymfA,plus,,
NZ_CP097881.1,2662023,2662811,ycfZ,plus,,
NZ_CP097881.1,2662931,2663770,cobB,minus,,
NZ_CP097881.1,2663786,2664697,nagK,minus,,
NZ_CP097881.1,2664726,2665970,lolE,minus,,
NZ_CP097881.1,2665970,2666671,lolD,minus,,
NZ_CP097881.1,2666664,2667863,lolC,minus,,
NZ_CP097881.1,2668125,2669198,ycfT,plus,,
NZ_CP097881.1,2669326,2672772,mfd,plus,,
NZ_CP097881.1,2672916,2673878,ldtC,plus,,
NZ_CP097881.1,2673960,2674217,bhsA,minus,,
NZ_CP097881.1,2674458,2675090,comR,plus,,
NZ_CP097881.1,2675152,2675691,ycfJ,minus,,
NZ_CP097881.1,2675901,2677205,ndh,minus,,
NZ_CP097881.1,2677605,2678147,ycfP,minus,,
NZ_CP097881.1,2678170,2679195,nagZ,minus,,
NZ_CP097881.1,2679206,2680030,thiK,minus,,
NZ_CP097881.1,2680011,2680652,lpoB,minus,,
NZ_CP097881.1,2680666,2681043,ycfL,minus,,
NZ_CP097881.1,2681046,2681405,hinT,minus,,
NZ_CP097881.1,2681739,2683928,fhuE,plus,,
NZ_CP097881.1,2683988,2685421,ptsG,minus,,
NZ_CP097881.1,2685716,2686513,ycfH,minus,,
NZ_CP097881.1,2686524,2687528,holB,minus,,
NZ_CP097881.1,2687525,2688166,tmk,minus,,
NZ_CP097881.1,2688156,2689178,yceG,minus,,
NZ_CP097881.1,2689181,2689990,pabC,minus,,
NZ_CP097881.1,2690110,2691351,fabF,minus,,
NZ_CP097881.1,2691439,2691675,acpP,minus,,
NZ_CP097881.1,2691886,2692620,fabG,minus,,
NZ_CP097881.1,2692633,2693562,fabD,minus,,
NZ_CP097881.1,2693578,2694531,fabH,minus,,
NZ_CP097881.1,2694599,2695669,plsX,minus,,
NZ_CP097881.1,2695750,2695923,rpmF,minus,,
NZ_CP097881.1,2695975,2696496,yceD,minus,,
NZ_CP097881.1,2696695,2697279,yceF,plus,,
NZ_CP097881.1,2697391,2698350,rluC,minus,,
NZ_CP097881.1,2698923,2702108,rne,plus,,
NZ_CP097881.1,2702304,2703257,flgL,minus,,
NZ_CP097881.1,2703269,2704912,flgK,minus,,
NZ_CP097881.1,2704978,2705919,flgJ,minus,,
NZ_CP097881.1,2705919,2707016,flgI,minus,,
NZ_CP097881.1,2707028,2707726,flgH,minus,,
NZ_CP097881.1,2707779,2708561,flgG,minus,,
NZ_CP097881.1,2708733,2709488,flgF,minus,,
NZ_CP097881.1,2709508,2710716,flgE,minus,,
NZ_CP097881.1,2710741,2711436,flgD,minus,,
NZ_CP097881.1,2711448,2711852,flgC,minus,,
NZ_CP097881.1,2711856,2712272,flgB,minus,,
NZ_CP097881.1,2712427,2713086,flgA,plus,,
NZ_CP097881.1,2713162,2713455,flgM,plus,,
NZ_CP097881.1,2713460,2713876,flgN,plus,,
NZ_CP097881.1,2713916,2715451,murJ,minus,,
NZ_CP097881.1,2715561,2716484,yceM,minus,,
NZ_CP097881.1,2716486,2717133,yceH,minus,,
NZ_CP097881.1,2717144,2717728,rimJ,minus,,
NZ_CP097881.1,2717964,2719172,mdtH,plus,,
NZ_CP097881.1,2719236,2719883,grxB,plus,,
NZ_CP097881.1,2720017,2720577,yceB,plus,,
NZ_CP097881.1,2720683,2721729,pyrC,plus,,
NZ_CP097881.1,2721803,2722048,dinI,plus,,
NZ_CP097881.1,2722335,2722589,bssS,plus,,
NZ_CP097881.1,2722704,2723822,solA,plus,,
NZ_CP097881.1,2723870,2723983,,plus,,
NZ_CP097881.1,2724244,2724810,yceJ,plus,,
NZ_CP097881.1,2724814,2725389,yceI,plus,,
NZ_CP097881.1,2725431,2726483,trhO,minus,,
NZ_CP097881.1,2726708,2727628,lpxL,plus,,
NZ_CP097881.1,2727800,2729026,mdtG,plus,,
NZ_CP097881.1,2729109,2729483,msyB,plus,,
NZ_CP097881.1,2729484,2729711,yceK,minus,,
NZ_CP097881.1,2729884,2732427,mdoH,minus,,
NZ_CP097881.1,2732420,2733955,mdoG,minus,,
NZ_CP097881.1,2734349,2735506,mdoC,plus,,
NZ_CP097881.1,2735514,2736995,clsC,minus,,
NZ_CP097881.1,2736937,2737470,ymdB,minus,,
NZ_CP097881.1,2737565,2737876,ymdA,minus,,
NZ_CP097881.1,2737997,2738329,csgC,minus,,
NZ_CP097881.1,2738388,2738843,csgA,minus,,
NZ_CP097881.1,2738884,2739339,csgB,minus,,
NZ_CP097881.1,2740094,2740744,csgD,plus,,
NZ_CP097881.1,2740749,2741138,csgE,plus,,
NZ_CP097881.1,2741163,2741579,csgF,plus,,
NZ_CP097881.1,2741606,2742439,csgG,plus,,
NZ_CP097881.1,2742503,2742994,ycdZ,minus,,
NZ_CP097881.1,2743096,2743650,ycdY,minus,,
NZ_CP097881.1,2743674,2744411,ycdX,minus,,
NZ_CP097881.1,2744466,2745404,ghrA,minus,,
NZ_CP097881.1,2745638,2745725,,plus,,
NZ_CP097881.1,2745770,2745906,,plus,,
NZ_CP097881.1,2745951,2746087,,plus,,
NZ_CP097881.1,2746132,2746268,,plus,,
NZ_CP097881.1,2746313,2746449,,plus,,
NZ_CP097881.1,2746642,2747628,ycdU,minus,,
NZ_CP097881.1,2747625,2747981,,minus,,
NZ_CP097881.1,2748034,2749196,,plus,,
NZ_CP097881.1,2749237,2750595,dgcT,minus,,
NZ_CP097881.1,2751182,2753605,pgaA,plus,,
NZ_CP097881.1,2753614,2755632,pgaB,plus,,
NZ_CP097881.1,2755625,2756950,pgaC,plus,,
NZ_CP097881.1,2756952,2757365,pgaD,plus,,
NZ_CP097881.1,2757415,2758203,phoH,minus,,
NZ_CP097881.1,2758824,2760095,efeB,minus,,
NZ_CP097881.1,2760101,2761228,efeO,minus,,
NZ_CP097881.1,2761286,2762115,efeU,minus,,
NZ_CP097881.1,2762658,2764166,putP,minus,,
NZ_CP097881.1,2764325,2764534,,minus,,
NZ_CP097881.1,2764589,2768551,putA,plus,,
NZ_CP097881.1,2768591,2769229,rutR,minus,,
NZ_CP097881.1,2769517,2770608,rutA,plus,,
NZ_CP097881.1,2770608,2771300,rutB,plus,,
NZ_CP097881.1,2771312,2771698,rutC,plus,,
NZ_CP097881.1,2771706,2772506,rutD,plus,,
NZ_CP097881.1,2772516,2773106,rutE,plus,,
NZ_CP097881.1,2773117,2773611,rutF,plus,,
NZ_CP097881.1,2773632,2774960,rutG,plus,,
NZ_CP097881.1,2775217,2775390,ymdF,minus,,
NZ_CP097881.1,2775763,2776359,wrbA,plus,,
NZ_CP097881.1,2776380,2776607,yccJ,plus,,
NZ_CP097881.1,2776645,2777886,agp,minus,,
NZ_CP097881.1,2778179,2779435,yccE,minus,,
NZ_CP097881.1,2779696,2780616,cbpA,plus,,
NZ_CP097881.1,2780616,2780921,cbpM,plus,,
NZ_CP097881.1,2781073,2781672,torD,minus,,
NZ_CP097881.1,2781669,2784215,torA,minus,,
NZ_CP097881.1,2784215,2785387,torC,minus,,
NZ_CP097881.1,2785517,2786209,torR,plus,,
NZ_CP097881.1,2786182,2787210,torT,minus,,
NZ_CP097881.1,2787293,2790037,torS,plus,,
NZ_CP097881.1,2790109,2791182,yccM,plus,,
NZ_CP097881.1,2791231,2791404,gnsA,minus,,
NZ_CP097881.1,2791394,2791624,ymcE,minus,,
NZ_CP097881.1,2791599,2791787,ymcF,minus,,
NZ_CP097881.1,2791798,2792010,cspG,minus,,
NZ_CP097881.1,2792296,2792508,cspH,plus,,
NZ_CP097881.1,2792941,2793638,,minus,,
NZ_CP097881.1,2793727,2794032,gfcA,plus,,
NZ_CP097881.1,2794139,2794783,gfcB,plus,,
NZ_CP097881.1,2794780,2795526,gfcC,plus,,
NZ_CP097881.1,2795526,2797622,gfcD,plus,,
NZ_CP097881.1,2797668,2798807,gfcE,plus,,
NZ_CP097881.1,2798795,2799241,etp,plus,,
NZ_CP097881.1,2799261,2801441,etk,plus,,
NZ_CP097881.1,2801556,2802854,appA,minus,,
NZ_CP097881.1,2802934,2803026,cbdX,minus,,
NZ_CP097881.1,2803039,2804175,appB,minus,,
NZ_CP097881.1,2804187,2805731,appC,minus,,
NZ_CP097881.1,2805865,2806722,hyaF,minus,,
NZ_CP097881.1,2806719,2807117,hyaE,minus,,
NZ_CP097881.1,2807114,2807701,hyaD,minus,,
NZ_CP097881.1,2807698,2808405,hyaC,minus,,
NZ_CP097881.1,2808424,2810217,hyaB,minus,,
NZ_CP097881.1,2810214,2811332,hyaA,minus,,
NZ_CP097881.1,2811759,2811846,,plus,,
NZ_CP097881.1,2812053,2812712,yccA,plus,,
NZ_CP097881.1,2812803,2813132,tusE,plus,,
NZ_CP097881.1,2813129,2813407,yccX,minus,,
NZ_CP097881.1,2813502,2814692,rlmI,plus,,
NZ_CP097881.1,2814750,2815067,hspQ,plus,,
NZ_CP097881.1,2815112,2815525,yccU,minus,,
NZ_CP097881.1,2815698,2816360,csgI,plus,,
NZ_CP097881.1,2816456,2816914,mgsA,plus,,
NZ_CP097881.1,2816946,2819000,helD,minus,,
NZ_CP097881.1,2819123,2819569,yccF,plus,,
NZ_CP097881.1,2819579,2821741,yccS,plus,,
NZ_CP097881.1,2821704,2822333,sxy,minus,,
NZ_CP097881.1,2822552,2823061,sulA,plus,,
NZ_CP097881.1,2823418,2824458,ompA,plus,,
NZ_CP097881.1,2824534,2824986,matP,minus,,
NZ_CP097881.1,2825172,2826932,ycbZ,plus,,
NZ_CP097881.1,2827001,2827519,fabA,plus,,
NZ_CP097881.1,2827589,2827756,rmf,minus,,
NZ_CP097881.1,2828012,2828575,pqiC,minus,,
NZ_CP097881.1,2828572,2830212,pqiB,minus,,
NZ_CP097881.1,2830217,2831470,pqiA,minus,,
NZ_CP097881.1,2831600,2833507,uup,minus,,
NZ_CP097881.1,2833519,2835627,rlmKL,minus,,
NZ_CP097881.1,2835871,2836980,ycbX,plus,,
NZ_CP097881.1,2836977,2837519,zapC,minus,,
NZ_CP097881.1,2837693,2838703,pyrD,minus,,
NZ_CP097881.1,2838814,2839551,ycbF,minus,,
NZ_CP097881.1,2839517,2840032,ycbV,minus,,
NZ_CP097881.1,2840040,2840582,ycbU,minus,,
NZ_CP097881.1,2840594,2841664,elfG,minus,,
NZ_CP097881.1,2841655,2844255,elfC,minus,,
NZ_CP097881.1,2844280,2844981,elfD,minus,,
NZ_CP097881.1,2845064,2845603,elfA,minus,,
NZ_CP097881.1,2845959,2846534,ssuE,plus,,
NZ_CP097881.1,2846527,2847486,ssuA,plus,,
NZ_CP097881.1,2847483,2848628,ssuD,plus,,
NZ_CP097881.1,2848639,2849430,ssuC,plus,,
NZ_CP097881.1,2849427,2850194,ssuB,plus,,
NZ_CP097881.1,2850237,2852849,pepN,minus,,
NZ_CP097881.1,2853115,2854317,pncB,plus,,
NZ_CP097881.1,2854486,2855886,asnS,plus,,
NZ_CP097881.1,2856489,2857577,ompF,plus,,
NZ_CP097881.1,2857762,2858952,aspC,plus,,
NZ_CP097881.1,2859174,2859821,gloC,minus,,
NZ_CP097881.1,2859848,2860396,mepK,minus,,
NZ_CP097881.1,2860577,2862424,ldtD,minus,,
NZ_CP097881.1,2862685,2867145,mukB,minus,,
NZ_CP097881.1,2867145,2867849,mukE,minus,,
NZ_CP097881.1,2867830,2869152,mukF,minus,,
NZ_CP097881.1,2869149,2869934,cmoM,minus,,
NZ_CP097881.1,2870070,2870849,elyC,plus,,
NZ_CP097881.1,2870826,2871719,ycbJ,minus,,
NZ_CP097881.1,2871873,2872619,kdsB,minus,,
NZ_CP097881.1,2872616,2872798,ycaR,minus,,
NZ_CP097881.1,2872850,2874082,ycaQ,minus,,
NZ_CP097881.1,2874119,2875105,lpxK,minus,,
NZ_CP097881.1,2875102,2876850,msbA,minus,,
NZ_CP097881.1,2876887,2879151,ycaI,minus,,
NZ_CP097881.1,2879359,2879643,ihfB,minus,,
NZ_CP097881.1,2879803,2881476,rpsA,minus,,
NZ_CP097881.1,2881587,2882270,cmk,minus,,
NZ_CP097881.1,2882443,2883207,ycaL,minus,,
NZ_CP097881.1,2883376,2884659,aroA,minus,,
NZ_CP097881.1,2884730,2885818,serC,minus,,
NZ_CP097881.1,2886017,2886709,ycaP,minus,,
NZ_CP097881.1,2886839,2888599,ycaO,plus,,
NZ_CP097881.1,2889005,2889862,focA,plus,,
NZ_CP097881.1,2889917,2892199,pflB,plus,,
NZ_CP097881.1,2892391,2893131,pflA,plus,,
NZ_CP097881.1,2893213,2893803,ycaK,minus,,
NZ_CP097881.1,2893903,2894811,ycaN,plus,,
NZ_CP097881.1,2894812,2896242,ycaM,minus,,
NZ_CP097881.1,2896452,2897600,ycaD,minus,,
NZ_CP097881.1,2897914,2898540,ycaC,plus,,
NZ_CP097881.1,2898575,2899438,dmsC,minus,,
NZ_CP097881.1,2899440,2900057,dmsB,minus,,
NZ_CP097881.1,2900068,2902512,dmsA,minus,,
NZ_CP097881.1,2902751,2904043,serS,minus,,
NZ_CP097881.1,2904134,2905477,rarA,minus,,
NZ_CP097881.1,2905488,2906099,lolA,minus,,
NZ_CP097881.1,2906258,2910247,ftsK,minus,,
NZ_CP097881.1,2910382,2910876,lrp,minus,,
NZ_CP097881.1,2911421,2912386,trxB,plus,,
NZ_CP097881.1,2912509,2914275,cydD,plus,,
NZ_CP097881.1,2914276,2915997,cydC,plus,,
NZ_CP097881.1,2916039,2916743,aat,plus,,
NZ_CP097881.1,2917028,2917246,infA,plus,,
NZ_CP097881.1,2917500,2917587,,plus,,
NZ_CP097881.1,2917931,2920207,clpA,minus,,
NZ_CP097881.1,2920238,2920558,clpS,minus,,
NZ_CP097881.1,2920657,2920731,yljB,minus,,
NZ_CP097881.1,2920881,2921105,cspD,plus,,
NZ_CP097881.1,2921178,2923124,macB,minus,,
NZ_CP097881.1,2923121,2924236,macA,minus,,
NZ_CP097881.1,2924387,2925343,ybjX,plus,,
NZ_CP097881.1,2925340,2926998,ybjD,minus,,
NZ_CP097881.1,2927424,2928119,aqpZ,plus,,
NZ_CP097881.1,2928614,2929513,lysO,plus,,
NZ_CP097881.1,2929657,2931309,hcp,plus,,
NZ_CP097881.1,2931321,2932289,hcr,plus,,
NZ_CP097881.1,2932422,2934140,poxB,plus,,
NZ_CP097881.1,2934177,2935178,ltaE,plus,,
NZ_CP097881.1,2935189,2936619,ybjT,plus,,
NZ_CP097881.1,2936718,2937731,ybjS,plus,,
NZ_CP097881.1,2937728,2938558,amiD,minus,,
NZ_CP097881.1,2938555,2938878,ybjQ,minus,,
NZ_CP097881.1,2939004,2939519,ybjP,plus,,
NZ_CP097881.1,2939737,2940465,artP,plus,,
NZ_CP097881.1,2940483,2941214,artI,plus,,
NZ_CP097881.1,2941221,2941937,artQ,plus,,
NZ_CP097881.1,2941937,2942605,artM,plus,,
NZ_CP097881.1,2942896,2943627,artJ,plus,,
NZ_CP097881.1,2943826,2944953,rlmC,minus,,
NZ_CP097881.1,2944994,2945482,ybjO,minus,,
NZ_CP097881.1,2945542,2946387,potI,minus,,
NZ_CP097881.1,2946384,2947337,potH,minus,,
NZ_CP097881.1,2947347,2948480,potG,minus,,
NZ_CP097881.1,2948575,2949687,potF,minus,,
NZ_CP097881.1,2950038,2950514,ybjN,minus,,
NZ_CP097881.1,2950602,2951504,rimK,minus,,
NZ_CP097881.1,2951565,2952287,nfsA,minus,,
NZ_CP097881.1,2952271,2952558,ybjC,minus,,
NZ_CP097881.1,2952718,2952975,grxA,plus,,
NZ_CP097881.1,2953005,2953382,ybjM,minus,,
NZ_CP097881.1,2953652,2955337,ybjL,plus,,
NZ_CP097881.1,2955512,2956048,rcdA,minus,,
NZ_CP097881.1,2956132,2957340,ybjJ,plus,,
NZ_CP097881.1,2957340,2958155,ybjI,plus,,
NZ_CP097881.1,2958241,2958525,ybjH,plus,,
NZ_CP097881.1,2958566,2959798,mdfA,minus,,
NZ_CP097881.1,2960083,2960679,ybjG,plus,,
NZ_CP097881.1,2960737,2961495,deoR,plus,,
NZ_CP097881.1,2961542,2962744,dacC,minus,,
NZ_CP097881.1,2962991,2963617,gstB,plus,,
NZ_CP097881.1,2963614,2964729,yliI,minus,,
NZ_CP097881.1,2964840,2965223,bssR,minus,,
NZ_CP097881.1,2965436,2966761,rimO,plus,,
NZ_CP097881.1,2966808,2968136,dgcI,minus,,
NZ_CP097881.1,2968144,2970492,pdeI,minus,,
NZ_CP097881.1,2970670,2971581,gsiD,minus,,
NZ_CP097881.1,2971584,2972504,gsiC,minus,,
NZ_CP097881.1,2972522,2974060,gsiB,minus,,
NZ_CP097881.1,2974080,2975951,gsiA,minus,,
NZ_CP097881.1,2975938,2976903,iaaA,minus,,
NZ_CP097881.1,2977107,2978342,moeA,plus,,
NZ_CP097881.1,2978342,2979091,moeB,plus,,
NZ_CP097881.1,2979167,2979829,fsa,minus,,
NZ_CP097881.1,2979960,2980859,ybiY,plus,,
NZ_CP097881.1,2980865,2983297,ybiW,plus,,
NZ_CP097881.1,2983443,2984258,ybiV,plus,,
NZ_CP097881.1,2984410,2985675,ybiU,plus,,
NZ_CP097881.1,2985916,2987508,ybiT,minus,,
NZ_CP097881.1,2987727,2988647,ldtB,plus,,
NZ_CP097881.1,2988706,2989824,ybiR,minus,,
NZ_CP097881.1,2989821,2990288,mntR,minus,,
NZ_CP097881.1,2990474,2990602,mntS,plus,,
NZ_CP097881.1,2990874,2992457,opgE,plus,,
NZ_CP097881.1,2992506,2993021,ompX,minus,,
NZ_CP097881.1,2993074,2993139,,minus,,
NZ_CP097881.1,2993374,2994261,rhtA,plus,,
NZ_CP097881.1,2994560,2995063,dps,plus,,
NZ_CP097881.1,2995467,2996213,glnH,plus,,
NZ_CP097881.1,2996352,2997011,glnP,plus,,
NZ_CP097881.1,2997008,2997730,glnQ,plus,,
NZ_CP097881.1,2997991,3000216,ybiO,plus,,
NZ_CP097881.1,3000213,3001139,rlmF,minus,,
NZ_CP097881.1,3001415,3001675,mcbA,plus,,
NZ_CP097881.1,3001940,3004222,fiu,plus,,
NZ_CP097881.1,3004264,3004941,ybiX,plus,,
NZ_CP097881.1,3005015,3005281,ybiI,plus,,
NZ_CP097881.1,3005546,3005806,ybiJ,plus,,
NZ_CP097881.1,3005909,3005968,ybiE,minus,,
NZ_CP097881.1,3006035,3007120,hcxB,minus,,
NZ_CP097881.1,3007261,3008223,ybiB,minus,,
NZ_CP097881.1,3008251,3010401,dinG,minus,,
NZ_CP097881.1,3010521,3011003,ybiA,plus,,
NZ_CP097881.1,3011235,3012599,rhlE,minus,,
NZ_CP097881.1,3012828,3013499,cecR,plus,,
NZ_CP097881.1,3013502,3014497,hlyD,plus,,
NZ_CP097881.1,3014490,3016226,ybhF,plus,,
NZ_CP097881.1,3016219,3017352,ybhS,plus,,
NZ_CP097881.1,3017363,3018469,ybhR,plus,,
NZ_CP097881.1,3018431,3018841,ybhQ,minus,,
NZ_CP097881.1,3018974,3019735,ybhP,plus,,
NZ_CP097881.1,3019732,3020973,clsB,plus,,
NZ_CP097881.1,3020973,3021929,ybhN,plus,,
NZ_CP097881.1,3021965,3022678,ybhM,minus,,
NZ_CP097881.1,3022883,3023587,ybhL,minus,,
NZ_CP097881.1,3023724,3024176,moaE,minus,,
NZ_CP097881.1,3024178,3024423,moaD,minus,,
NZ_CP097881.1,3024416,3024901,moaC,minus,,
NZ_CP097881.1,3024904,3025416,moaB,minus,,
NZ_CP097881.1,3025438,3026427,moaA,minus,,
NZ_CP097881.1,3026824,3027732,yvcK,plus,,
NZ_CP097881.1,3027924,3029945,uvrB,minus,,
NZ_CP097881.1,3030524,3031201,bioD,minus,,
NZ_CP097881.1,3031194,3031949,bioC,minus,,
NZ_CP097881.1,3031936,3033090,bioF,minus,,
NZ_CP097881.1,3033087,3034127,bioB,minus,,
NZ_CP097881.1,3034214,3035503,bioA,plus,,
NZ_CP097881.1,3035562,3036038,ybhB,plus,,
NZ_CP097881.1,3036190,3037473,ybhC,plus,,
NZ_CP097881.1,3037707,3039968,ybhJ,minus,,
NZ_CP097881.1,3040151,3041584,ybhI,minus,,
NZ_CP097881.1,3041660,3042712,ybhH,minus,,
NZ_CP097881.1,3042896,3043849,ybhD,plus,,
NZ_CP097881.1,3043890,3044885,pgl,minus,,
NZ_CP097881.1,3045040,3045858,ybhA,plus,,
NZ_CP097881.1,3045859,3046917,modC,minus,,
NZ_CP097881.1,3046920,3047609,modB,minus,,
NZ_CP097881.1,3047609,3048382,modA,minus,,
NZ_CP097881.1,3048549,3048698,acrZ,minus,,
NZ_CP097881.1,3048827,3049615,modE,plus,,
NZ_CP097881.1,3049683,3051155,modF,plus,,
NZ_CP097881.1,3051416,3052432,galE,plus,,
NZ_CP097881.1,3052442,3053488,galT,plus,,
NZ_CP097881.1,3053492,3054640,galK,plus,,
NZ_CP097881.1,3054634,3055674,galM,plus,,
NZ_CP097881.1,3055876,3056628,gpmA,plus,,
NZ_CP097881.1,3056786,3057838,aroG,minus,,
NZ_CP097881.1,3058154,3058534,ybgS,plus,,
NZ_CP097881.1,3058648,3059589,zitB,plus,,
NZ_CP097881.1,3059586,3060305,pnuC,minus,,
NZ_CP097881.1,3060343,3061386,nadA,minus,,
NZ_CP097881.1,3061663,3061788,,minus,,
NZ_CP097881.1,3061819,3061894,,minus,,
NZ_CP097881.1,3062027,3062102,,minus,,
NZ_CP097881.1,3062249,3062324,,minus,,
NZ_CP097881.1,3062328,3062403,,minus,,
NZ_CP097881.1,3062553,3062628,,minus,,
NZ_CP097881.1,3062631,3062706,,minus,,
NZ_CP097881.1,3062842,3062917,,minus,,
NZ_CP097881.1,3063082,3063873,cpoB,minus,,
NZ_CP097881.1,3063883,3064404,pal,minus,,
NZ_CP097881.1,3064439,3065731,tolB,minus,,
NZ_CP097881.1,3065864,3067129,tolA,minus,,
NZ_CP097881.1,3067194,3067622,tolR,minus,,
NZ_CP097881.1,3067626,3068318,tolQ,minus,,
NZ_CP097881.1,3068315,3068719,ybgC,minus,,
NZ_CP097881.1,3068869,3069162,ybgE,minus,,
NZ_CP097881.1,3069162,3069275,cydX,minus,,
NZ_CP097881.1,3069290,3070429,cydB,minus,,
NZ_CP097881.1,3070445,3072013,cydA,minus,,
NZ_CP097881.1,3072860,3075493,mngB,minus,,
NZ_CP097881.1,3075511,3077427,mngA,minus,,
NZ_CP097881.1,3077596,3078318,mngR,plus,,
NZ_CP097881.1,3078422,3079291,sucD,minus,,
NZ_CP097881.1,3079291,3080457,sucC,minus,,
NZ_CP097881.1,3080732,3081949,odhB,minus,,
NZ_CP097881.1,3081964,3084765,sucA,minus,,
NZ_CP097881.1,3085066,3085782,sdhB,minus,,
NZ_CP097881.1,3085798,3087564,sdhA,minus,,
NZ_CP097881.1,3087564,3087911,sdhD,minus,,
NZ_CP097881.1,3087905,3088309,sdhC,minus,,
NZ_CP097881.1,3088690,3088797,,plus,,
NZ_CP097881.1,3089003,3090286,gltA,plus,,
NZ_CP097881.1,3090676,3091242,ybgD,plus,,
NZ_CP097881.1,3091293,3093749,ybgQ,plus,,
NZ_CP097881.1,3093764,3094492,ybgP,plus,,
NZ_CP097881.1,3094489,3095550,ybgO,plus,,
NZ_CP097881.1,3095702,3096748,abrB,plus,,
NZ_CP097881.1,3096745,3097536,nei,minus,,
NZ_CP097881.1,3097572,3098306,pxpA,minus,,
NZ_CP097881.1,3098296,3099228,pxpC,minus,,
NZ_CP097881.1,3099222,3099878,pxpB,minus,,
NZ_CP097881.1,3099901,3100644,ybgI,minus,,
NZ_CP097881.1,3100915,3102396,dtpD,plus,,
NZ_CP097881.1,3102546,3103964,phrB,minus,,
NZ_CP097881.1,3103961,3104470,ybgA,minus,,
NZ_CP097881.1,3104621,3105379,ybfD,minus,,
NZ_CP097881.1,3105510,3106646,,minus,,
NZ_CP097881.1,3106790,3107026,ybfQ,minus,,
NZ_CP097881.1,3107252,3107821,ybfC,minus,,
NZ_CP097881.1,3107818,3109338,,minus,,
NZ_CP097881.1,3109369,3109695,ybfB,minus,,
NZ_CP097881.1,3109695,3113888,rhsC,minus,,
NZ_CP097881.1,3114131,3114337,ybfA,minus,,
NZ_CP097881.1,3114650,3114739,kdpF,plus,,
NZ_CP097881.1,3114739,3116412,kdpA,plus,,
NZ_CP097881.1,3116435,3118483,kdpB,plus,,
NZ_CP097881.1,3118492,3119064,kdpC,plus,,
NZ_CP097881.1,3119057,3121741,kdpD,plus,,
NZ_CP097881.1,3121738,3122415,kdpE,plus,,
NZ_CP097881.1,3122649,3122753,,plus,,
NZ_CP097881.1,3123011,3125209,speF,plus,,
NZ_CP097881.1,3125206,3126525,potE,plus,,
NZ_CP097881.1,3126616,3126750,,plus,,
NZ_CP097881.1,3126874,3127524,,plus,,
NZ_CP097881.1,3127565,3128059,,minus,,
NZ_CP097881.1,3128273,3129913,pgm,minus,,
NZ_CP097881.1,3129939,3130484,seqA,minus,,
NZ_CP097881.1,3130669,3131433,ybfF,plus,,
NZ_CP097881.1,3131573,3131866,ybfE,plus,,
NZ_CP097881.1,3132006,3132536,fldA,plus,,
NZ_CP097881.1,3132746,3132832,uof,plus,,
NZ_CP097881.1,3132825,3133271,fur,plus,,
NZ_CP097881.1,3133355,3133681,chiQ,minus,,
NZ_CP097881.1,3133731,3135137,chiP,minus,,
NZ_CP097881.1,3135714,3137378,glnS,minus,,
NZ_CP097881.1,3137581,3139527,nagE,minus,,
NZ_CP097881.1,3139860,3140660,nagB,plus,,
NZ_CP097881.1,3140720,3141868,nagA,plus,,
NZ_CP097881.1,3141877,3143097,nagC,plus,,
NZ_CP097881.1,3143145,3143897,nagD,plus,,
NZ_CP097881.1,3144294,3145958,asnB,plus,,
NZ_CP097881.1,3146338,3146414,,plus,,
NZ_CP097881.1,3146424,3146508,,plus,,
NZ_CP097881.1,3146532,3146606,,plus,,
NZ_CP097881.1,3146641,3146715,,plus,,
NZ_CP097881.1,3146731,3146807,,plus,,
NZ_CP097881.1,3146855,3146929,,plus,,
NZ_CP097881.1,3146967,3147041,,plus,,
NZ_CP097881.1,3147195,3148370,ubiF,minus,,
NZ_CP097881.1,3148516,3149940,miaB,plus,,
NZ_CP097881.1,3150093,3151133,ybeZ,plus,,
NZ_CP097881.1,3151130,3151597,ybeY,plus,,
NZ_CP097881.1,3151687,3152565,corC,plus,,
NZ_CP097881.1,3152590,3154128,lnt,plus,,
NZ_CP097881.1,3154494,3155474,,plus,,
NZ_CP097881.1,3155724,3156632,gltI,plus,,
NZ_CP097881.1,3156802,3157542,gltJ,plus,,
NZ_CP097881.1,3157542,3158216,gltK,plus,,
NZ_CP097881.1,3158216,3158941,gltL,plus,,
NZ_CP097881.1,3159059,3159994,rihA,plus,,
NZ_CP097881.1,3160078,3161748,hscC,plus,,
NZ_CP097881.1,3161808,3163259,djlC,minus,,
NZ_CP097881.1,3163256,3163963,ybeU,minus,,
NZ_CP097881.1,3164065,3164619,ybeT,plus,,
NZ_CP097881.1,3164629,3166056,djlB,minus,,
NZ_CP097881.1,3166053,3166760,ybeR,minus,,
NZ_CP097881.1,3166924,3167901,ybeQ,plus,,
NZ_CP097881.1,3167971,3168453,ybeL,minus,,
NZ_CP097881.1,3168688,3171270,leuS,plus,,
NZ_CP097881.1,3171285,3171866,lptE,plus,,
NZ_CP097881.1,3171866,3172897,holA,plus,,
NZ_CP097881.1,3172899,3173540,nadD,plus,,
NZ_CP097881.1,3173564,3174175,cobC,plus,,
NZ_CP097881.1,3174435,3174752,rsfS,plus,,
NZ_CP097881.1,3174756,3175223,rlmH,plus,,
NZ_CP097881.1,3175254,3177155,mrdA,plus,,
NZ_CP097881.1,3177158,3178270,mrdB,plus,,
NZ_CP097881.1,3178281,3179369,rlpA,plus,,
NZ_CP097881.1,3179508,3180719,dacA,plus,,
NZ_CP097881.1,3180829,3181092,ybeD,plus,,
NZ_CP097881.1,3181193,3181834,lipB,plus,,
NZ_CP097881.1,3182093,3183046,ybeF,plus,,
NZ_CP097881.1,3183255,3184220,lipA,plus,,
NZ_CP097881.1,3184321,3184524,tatE,minus,,
NZ_CP097881.1,3184653,3185440,,minus,,
NZ_CP097881.1,3185533,3185916,crcB,plus,,
NZ_CP097881.1,3185970,3186179,cspE,minus,,
NZ_CP097881.1,3186354,3186914,pagP,minus,,
NZ_CP097881.1,3187503,3188888,dcuC,plus,,
NZ_CP097881.1,3188929,3189609,dpiA,minus,,
NZ_CP097881.1,3189578,3191236,dpiB,minus,,
NZ_CP097881.1,3191615,3192673,citC,plus,,
NZ_CP097881.1,3192688,3192984,citD,plus,,
NZ_CP097881.1,3192981,3193889,citE,plus,,
NZ_CP097881.1,3193900,3195432,citF,plus,,
NZ_CP097881.1,3195436,3195987,citX,plus,,
NZ_CP097881.1,3195962,3196840,citG,plus,,
NZ_CP097881.1,3196891,3198354,citT,plus,,
NZ_CP097881.1,3198468,3199274,rna,plus,,
NZ_CP097881.1,3199504,3199914,rnk,plus,,
NZ_CP097881.1,3200052,3200141,yldA,plus,,
NZ_CP097881.1,3200145,3201383,ybdR,minus,,
NZ_CP097881.1,3201604,3202032,uspG,plus,,
NZ_CP097881.1,3202153,3203718,ahpF,minus,,
NZ_CP097881.1,3203963,3204526,ahpC,minus,,
NZ_CP097881.1,3204898,3205644,dsbG,plus,,
NZ_CP097881.1,3205853,3206755,citR,plus,,
NZ_CP097881.1,3206902,3208122,ybdN,plus,,
NZ_CP097881.1,3208095,3208724,ybdM,plus,,
NZ_CP097881.1,3208725,3209885,ybdL,minus,,
NZ_CP097881.1,3209994,3211082,hcxA,plus,,
NZ_CP097881.1,3211092,3211289,ybdD,minus,,
NZ_CP097881.1,3211472,3213577,cstA,minus,,
NZ_CP097881.1,3213758,3214171,entH,minus,,
NZ_CP097881.1,3214174,3214920,entA,minus,,
NZ_CP097881.1,3214920,3215777,entB,minus,,
NZ_CP097881.1,3215791,3217401,entE,minus,,
NZ_CP097881.1,3217411,3218586,entC,minus,,
NZ_CP097881.1,3218961,3219917,fepB,plus,,
NZ_CP097881.1,3219921,3221171,entS,minus,,
NZ_CP097881.1,3221282,3222286,fepD,plus,,
NZ_CP097881.1,3222283,3223275,fepG,plus,,
NZ_CP097881.1,3223272,3224087,fepC,plus,,
NZ_CP097881.1,3224084,3225217,wzz(fepE),minus,,
NZ_CP097881.1,3225433,3229314,entF,minus,,
NZ_CP097881.1,3229311,3229529,ybdZ,minus,,
NZ_CP097881.1,3229532,3230734,fes,minus,,
NZ_CP097881.1,3230977,3233217,fepA,plus,,
NZ_CP097881.1,3233392,3234012,entD,plus,,
NZ_CP097881.1,3234294,3235406,,minus,,
NZ_CP097881.1,3235483,3235635,hokE,minus,,
NZ_CP097881.1,3235604,3235872,,plus,,
NZ_CP097881.1,3236088,3237206,ybdK,plus,,
NZ_CP097881.1,3237272,3237520,ybdJ,plus,,
NZ_CP097881.1,3237585,3237953,ybdF,plus,,
NZ_CP097881.1,3238047,3238700,nfsB,plus,,
NZ_CP097881.1,3238808,3240055,ybdG,plus,,
NZ_CP097881.1,3240136,3241512,pheP,minus,,
NZ_CP097881.1,3241614,3244757,cusA,minus,,
NZ_CP097881.1,3244769,3245992,cusB,minus,,
NZ_CP097881.1,3246008,3246340,cusF,minus,,
NZ_CP097881.1,3246498,3247871,cusC,minus,,
NZ_CP097881.1,3248028,3248711,cusR,plus,,
NZ_CP097881.1,3248701,3250143,cusS,plus,,
NZ_CP097881.1,3250293,3252530,nrfB,plus,,
NZ_CP097881.1,3252517,3255489,nfrA,plus,,
NZ_CP097881.1,3255490,3256380,ybcH,plus,,
NZ_CP097881.1,3256563,3257324,envY,plus,,
NZ_CP097881.1,3257838,3258791,ompT,plus,,
NZ_CP097881.1,3259041,3259790,appY,minus,,
NZ_CP097881.1,3260336,3260503,,minus,,
NZ_CP097881.1,3260653,3261319,,plus,,
NZ_CP097881.1,3261264,3261401,,minus,,
NZ_CP097881.1,3261374,3261811,,minus,,
NZ_CP097881.1,3261809,3262117,,minus,,
NZ_CP097881.1,3262092,3262637,nohD,minus,,
NZ_CP097881.1,3263026,3263220,ylcI,plus,,
NZ_CP097881.1,3263385,3263591,ybcW,minus,,
NZ_CP097881.1,3263877,3264287,ybcV,plus,,
NZ_CP097881.1,3264578,3264871,bor,plus,,
NZ_CP097881.1,3264903,3265364,rzpD,minus,,
NZ_CP097881.1,3265361,3265858,rrrD,minus,,
NZ_CP097881.1,3265858,3266073,essD,minus,,
NZ_CP097881.1,3266646,3267713,,plus,,
NZ_CP097881.1,3267754,3268734,,plus,,
NZ_CP097881.1,3269132,3269515,quuD,minus,,
NZ_CP097881.1,3269601,3269741,ylcG,minus,,
NZ_CP097881.1,3269738,3270100,rusA,minus,,
NZ_CP097881.1,3270097,3270387,ybcO,minus,,
NZ_CP097881.1,3270380,3270550,ninE,minus,,
NZ_CP097881.1,3270550,3271005,ybcN,minus,,
NZ_CP097881.1,3271002,3271103,,minus,,
NZ_CP097881.1,3271220,3272017,ybcM,minus,,
NZ_CP097881.1,3272027,3272578,ybcL,minus,,
NZ_CP097881.1,3273043,3274569,ybcK,minus,,
NZ_CP097881.1,3274627,3274776,ylcJ,minus,,
NZ_CP097881.1,3274824,3275156,emrE,minus,,
NZ_CP097881.1,3275224,3275442,,minus,,
NZ_CP097881.1,3275467,3276629,,minus,,
NZ_CP097881.1,3276698,3276787,,minus,,
NZ_CP097881.1,3276784,3277095,,minus,,
NZ_CP097881.1,3277095,3277373,,plus,,
NZ_CP097881.1,3277493,3278656,intD,plus,,
NZ_CP097881.1,3278672,3278748,,minus,,
NZ_CP097881.1,3278991,3279623,fimZ,plus,,
NZ_CP097881.1,3279626,3280141,sfmF,minus,,
NZ_CP097881.1,3280152,3281129,fimH,minus,,
NZ_CP097881.1,3281171,3283774,sfmD,minus,,
NZ_CP097881.1,3283805,3284497,fimC,minus,,
NZ_CP097881.1,3284717,3285259,fimA,minus,,
NZ_CP097881.1,3285730,3286596,folD,plus,,
NZ_CP097881.1,3286598,3286810,ybcJ,plus,,
NZ_CP097881.1,3286918,3287439,ybcI,plus,,
NZ_CP097881.1,3287475,3288860,cysS,minus,,
NZ_CP097881.1,3289034,3289528,ppiB,plus,,
NZ_CP097881.1,3289531,3290253,lpxH,plus,,
NZ_CP097881.1,3290371,3290880,purE,plus,,
NZ_CP097881.1,3290877,3291944,purK,plus,,
NZ_CP097881.1,3292139,3293032,ybcF,minus,,
NZ_CP097881.1,3293029,3293844,ylbF,minus,,
NZ_CP097881.1,3293855,3295114,ylbE,minus,,
NZ_CP097881.1,3295124,3296791,fdrA,minus,,
NZ_CP097881.1,3297108,3298157,allD,plus,,
NZ_CP097881.1,3298179,3299414,allC,plus,,
NZ_CP097881.1,3299425,3300210,allE,plus,,
NZ_CP097881.1,3300438,3301583,glxK,minus,,
NZ_CP097881.1,3301605,3302906,ybbY,minus,,
NZ_CP097881.1,3302963,3304324,allB,minus,,
NZ_CP097881.1,3304384,3305838,allW,minus,,
NZ_CP097881.1,3306007,3306885,glxR,minus,,
NZ_CP097881.1,3306985,3307761,hyi,minus,,
NZ_CP097881.1,3307774,3309555,gcl,minus,,
NZ_CP097881.1,3309645,3310460,allR,minus,,
NZ_CP097881.1,3310538,3311020,allA,minus,,
NZ_CP097881.1,3311250,3312176,allS,plus,,
NZ_CP097881.1,3312245,3313339,mnmH,plus,,
NZ_CP097881.1,3313455,3313820,ylbG,plus,,
NZ_CP097881.1,3313879,3313974,,minus,,
NZ_CP097881.1,3314341,3314514,,minus,,
NZ_CP097881.1,3314571,3314831,,minus,,
NZ_CP097881.1,3314812,3315498,,minus,,
NZ_CP097881.1,3315522,3315890,ybbC,minus,,
NZ_CP097881.1,3315930,3320210,rhsD,minus,,
NZ_CP097881.1,3320641,3323055,ybbP,minus,,
NZ_CP097881.1,3323052,3323738,ybbA,minus,,
NZ_CP097881.1,3323709,3324332,tesA,plus,,
NZ_CP097881.1,3324322,3325131,ybbO,plus,,
NZ_CP097881.1,3325192,3326046,cnoX,plus,,
NZ_CP097881.1,3326109,3326888,fetB,minus,,
NZ_CP097881.1,3326875,3327552,fetA,minus,,
NZ_CP097881.1,3327698,3328615,qmcA,plus,,
NZ_CP097881.1,3328612,3329070,ybbJ,plus,,
NZ_CP097881.1,3329071,3329478,cueR,minus,,
NZ_CP097881.1,3329475,3329572,,minus,,
NZ_CP097881.1,3329603,3330895,ybaT,minus,,
NZ_CP097881.1,3330898,3331830,glsA,minus,,
NZ_CP097881.1,3332092,3334596,copA,plus,,
NZ_CP097881.1,3334912,3335253,ybaQ,minus,,
NZ_CP097881.1,3335391,3336185,ybaP,plus,,
NZ_CP097881.1,3336389,3336868,ybaK,plus,,
NZ_CP097881.1,3336905,3338557,ushA,minus,,
NZ_CP097881.1,3338775,3339995,fsr,plus,,
NZ_CP097881.1,3340233,3341909,ybaL,plus,,
NZ_CP097881.1,3342042,3343346,gsk,minus,,
NZ_CP097881.1,3343498,3344457,aes,plus,,
NZ_CP097881.1,3344454,3345416,hemH,minus,,
NZ_CP097881.1,3345652,3346296,adk,minus,,
NZ_CP097881.1,3346477,3348351,htpG,minus,,
NZ_CP097881.1,3348461,3349066,recR,minus,,
NZ_CP097881.1,3349066,3349395,ybaB,minus,,
NZ_CP097881.1,3349448,3351379,dnaX,minus,,
NZ_CP097881.1,3351508,3352059,apt,minus,,
NZ_CP097881.1,3352212,3352589,ybaN,minus,,
NZ_CP097881.1,3352659,3353186,priC,plus,,
NZ_CP097881.1,3353200,3353361,rsmS,plus,,
NZ_CP097881.1,3353573,3356935,mscK,minus,,
NZ_CP097881.1,3357063,3357710,acrR,minus,,
NZ_CP097881.1,3357852,3359045,acrA,plus,,
NZ_CP097881.1,3359068,3362217,acrB,plus,,
NZ_CP097881.1,3362763,3363137,tomB,plus,,
NZ_CP097881.1,3363163,3363381,hha,plus,,
NZ_CP097881.1,3363553,3364104,maa,plus,,
NZ_CP097881.1,3364220,3364690,ylaC,plus,,
NZ_CP097881.1,3364854,3366404,pdeB,plus,,
NZ_CP097881.1,3366446,3366799,ybaA,minus,,
NZ_CP097881.1,3366919,3367015,ffs,minus,,
NZ_CP097881.1,3367178,3367489,,plus,,
NZ_CP097881.1,3367520,3368092,ybaY,minus,,
NZ_CP097881.1,3368310,3369170,tesB,plus,,
NZ_CP097881.1,3369219,3370505,amtB,minus,,
NZ_CP097881.1,3370535,3370873,glnK,minus,,
NZ_CP097881.1,3371054,3372835,mdlB,minus,,
NZ_CP097881.1,3372828,3374600,mdlA,minus,,
NZ_CP097881.1,3374630,3375088,decR,minus,,
NZ_CP097881.1,3375241,3376059,cof,minus,,
NZ_CP097881.1,3376159,3377859,ybaE,plus,,
NZ_CP097881.1,3377924,3378619,queC,plus,,
NZ_CP097881.1,3378671,3379069,fadM,minus,,
NZ_CP097881.1,3379163,3379534,ybaV,minus,,
NZ_CP097881.1,3379685,3381556,ppiD,minus,,
NZ_CP097881.1,3381748,3382020,hupB,minus,,
NZ_CP097881.1,3382229,3384583,lon,minus,,
NZ_CP097881.1,3384855,3385967,,minus,,
NZ_CP097881.1,3386121,3387395,clpX,minus,,
NZ_CP097881.1,3387521,3388144,clpP,minus,,
NZ_CP097881.1,3388390,3389688,tig,minus,,
NZ_CP097881.1,3390032,3390349,bolA,minus,,
NZ_CP097881.1,3390654,3391232,yajG,plus,,
NZ_CP097881.1,3391276,3392751,ampG,plus,,
NZ_CP097881.1,3393211,3394158,cyoA,plus,,
NZ_CP097881.1,3394180,3396171,cyoB,plus,,
NZ_CP097881.1,3396161,3396775,cyoC,plus,,
NZ_CP097881.1,3396775,3397104,cyoD,plus,,
NZ_CP097881.1,3397116,3398006,cyoE,plus,,
NZ_CP097881.1,3398155,3399519,yajR,plus,,
NZ_CP097881.1,3399647,3400138,yajQ,minus,,
NZ_CP097881.1,3400306,3401217,panE,plus,,
NZ_CP097881.1,3401180,3401770,yajL,plus,,
NZ_CP097881.1,3401824,3403272,thiI,minus,,
NZ_CP097881.1,3403478,3403720,xseB,plus,,
NZ_CP097881.1,3403720,3404619,ispA,plus,,
NZ_CP097881.1,3404644,3406506,dxs,plus,,
NZ_CP097881.1,3406686,3407660,yajO,plus,,
NZ_CP097881.1,3407714,3408232,pgpA,minus,,
NZ_CP097881.1,3408210,3409187,thiL,minus,,
NZ_CP097881.1,3409265,3409684,nusB,minus,,
NZ_CP097881.1,3409704,3410174,ribE,minus,,
NZ_CP097881.1,3410263,3411366,ribD,minus,,
NZ_CP097881.1,3411370,3411819,nrdR,minus,,
NZ_CP097881.1,3411970,3412509,yajI,plus,,
NZ_CP097881.1,3412808,3413692,tsx,plus,,
NZ_CP097881.1,3413869,3414216,yajD,minus,,
NZ_CP097881.1,3414345,3415316,secF,minus,,
NZ_CP097881.1,3415327,3417174,secD,minus,,
NZ_CP097881.1,3417202,3417534,yajC,minus,,
NZ_CP097881.1,3417557,3418684,tgt,minus,,
NZ_CP097881.1,3418740,3419810,queA,minus,,
NZ_CP097881.1,3419903,3420484,acpH,plus,,
NZ_CP097881.1,3420489,3422306,malZ,minus,,
NZ_CP097881.1,3422462,3423835,proY,minus,,
NZ_CP097881.1,3423911,3425230,brnQ,minus,,
NZ_CP097881.1,3425637,3426932,phoR,minus,,
NZ_CP097881.1,3426990,3427679,phoB,minus,,
NZ_CP097881.1,3427869,3429071,sbcD,plus,,
NZ_CP097881.1,3429068,3432214,sbcC,plus,,
NZ_CP097881.1,3432340,3433524,araJ,plus,,
NZ_CP097881.1,3433769,3434677,mak,minus,,
NZ_CP097881.1,3434802,3435713,rdgC,plus,,
NZ_CP097881.1,3435791,3435874,,minus,,
NZ_CP097881.1,3435871,3436212,,minus,,
NZ_CP097881.1,3436360,3436644,ppnP,minus,,
NZ_CP097881.1,3436716,3437393,aroM,minus,,
NZ_CP097881.1,3437651,3437842,yaiA,minus,,
NZ_CP097881.1,3437892,3438416,aroL,minus,,
NZ_CP097881.1,3438599,3439057,yaiI,minus,,
NZ_CP097881.1,3439177,3439986,proC,plus,,
NZ_CP097881.1,3440003,3441118,adrA,minus,,
NZ_CP097881.1,3441220,3441540,psiF,minus,,
NZ_CP097881.1,3441659,3443074,phoA,minus,,
NZ_CP097881.1,3443175,3443435,iraP,minus,,
NZ_CP097881.1,3443617,3443820,,minus,,
NZ_CP097881.1,3443898,3444992,ddlA,plus,,
NZ_CP097881.1,3445016,3445228,yaiZ,minus,,
NZ_CP097881.1,3445488,3445796,yaiY,plus,,
NZ_CP097881.1,3445855,3446949,yaiW,minus,,
NZ_CP097881.1,3446962,3448182,sbmA,minus,,
NZ_CP097881.1,3448534,3449691,ampH,plus,,
NZ_CP097881.1,3449692,3450315,iprA,minus,,
NZ_CP097881.1,3450403,3451848,,minus,,
NZ_CP097881.1,3451920,3453082,,plus,,
NZ_CP097881.1,3453122,3454570,,minus,,
NZ_CP097881.1,3455094,3456068,hemB,plus,,
NZ_CP097881.1,3456175,3457026,tauD,minus,,
NZ_CP097881.1,3457023,3457850,tauC,minus,,
NZ_CP097881.1,3457847,3458614,tauB,minus,,
NZ_CP097881.1,3458627,3459589,tauA,minus,,
NZ_CP097881.1,3460205,3460876,,plus,,
NZ_CP097881.1,3460886,3462082,yaiP,plus,,
NZ_CP097881.1,3462006,3462233,,plus,,
NZ_CP097881.1,3462242,3463470,,minus,,
NZ_CP097881.1,3463534,3463977,,plus,,
NZ_CP097881.1,3463979,3464752,yaiO,plus,,
NZ_CP097881.1,3464940,3465215,frmR,plus,,
NZ_CP097881.1,3465250,3466359,frmA,plus,,
NZ_CP097881.1,3466453,3467286,fghA,plus,,
NZ_CP097881.1,3467510,3468049,yaiL,minus,,
NZ_CP097881.1,3468151,3469362,mhpT,minus,,
NZ_CP097881.1,3469940,3470953,mhpE,minus,,
NZ_CP097881.1,3470950,3471900,mhpF,minus,,
NZ_CP097881.1,3471897,3472706,mhpD,minus,,
NZ_CP097881.1,3472716,3473582,mhpC,minus,,
NZ_CP097881.1,3473600,3474544,mhpB,minus,,
NZ_CP097881.1,3474546,3476210,mhpA,minus,,
NZ_CP097881.1,3476401,3477234,mhpR,plus,,
NZ_CP097881.1,3477311,3478393,lacI,plus,,
NZ_CP097881.1,3478516,3481590,lacZ,plus,,
NZ_CP097881.1,3481642,3482895,lacY,plus,,
NZ_CP097881.1,3482961,3483572,lacA,plus,,
NZ_CP097881.1,3483675,3484829,cynX,minus,,
NZ_CP097881.1,3484862,3485332,cynS,minus,,
NZ_CP097881.1,3485363,3486022,cynT,minus,,
NZ_CP097881.1,3486131,3487030,cynR,plus,,
NZ_CP097881.1,3487367,3488650,codA,minus,,
NZ_CP097881.1,3488640,3489899,codB,minus,,
NZ_CP097881.1,3490229,3492115,prpE,minus,,
NZ_CP097881.1,3492155,3493606,prpD,minus,,
NZ_CP097881.1,3493640,3494809,prpC,minus,,
NZ_CP097881.1,3495249,3496139,prpB,minus,,
NZ_CP097881.1,3496378,3497964,prpR,plus,,
NZ_CP097881.1,3498062,3498337,yahO,minus,,
NZ_CP097881.1,3498484,3499155,yahN,plus,,
NZ_CP097881.1,3499172,3499417,yahM,minus,,
NZ_CP097881.1,3499830,3500645,yahL,minus,,
NZ_CP097881.1,3500888,3501937,yahK,minus,,
NZ_CP097881.1,3502024,3502098,,minus,,
NZ_CP097881.1,3502314,3503696,yahJ,minus,,
NZ_CP097881.1,3503706,3504656,yahI,minus,,
NZ_CP097881.1,3504732,3505028,yahH,minus,,
NZ_CP097881.1,3505078,3506496,yahG,minus,,
NZ_CP097881.1,3506496,3508043,fdrA,minus,,
NZ_CP097881.1,3508033,3508896,yahE,minus,,
NZ_CP097881.1,3508936,3509541,yahD,minus,,
NZ_CP097881.1,3509799,3510296,yahC,plus,,
NZ_CP097881.1,3510388,3511320,yahB,plus,,
NZ_CP097881.1,3511362,3512450,pdeL,minus,,
NZ_CP097881.1,3512945,3513019,,minus,,
NZ_CP097881.1,3513325,3515358,betT,minus,,
NZ_CP097881.1,3515487,3516074,betI,plus,,
NZ_CP097881.1,3516088,3517560,betB,plus,,
NZ_CP097881.1,3517574,3519244,betA,plus,,
NZ_CP097881.1,3519457,3520125,ykgH,plus,,
NZ_CP097881.1,3520368,3521063,ykgG,minus,,
NZ_CP097881.1,3521056,3522483,ykgF,minus,,
NZ_CP097881.1,3522494,3523213,ykgE,minus,,
NZ_CP097881.1,3523740,3524594,rclR,minus,,
NZ_CP097881.1,3524820,3526145,rclA,plus,,
NZ_CP097881.1,3526254,3526490,rclB,plus,,
NZ_CP097881.1,3526502,3527095,rclC,plus,,
NZ_CP097881.1,3527254,3527382,,minus,,
NZ_CP097881.1,3527685,3528338,,plus,,
NZ_CP097881.1,3528368,3529530,,minus,,
NZ_CP097881.1,3529589,3530464,,minus,,
NZ_CP097881.1,3531016,3531105,,plus,,
NZ_CP097881.1,3531579,3531680,ykgR,plus,,
NZ_CP097881.1,3532044,3532307,ykgM,plus,,
NZ_CP097881.1,3532307,3532447,ykgO,plus,,
NZ_CP097881.1,3532482,3532709,ykgL,minus,,
NZ_CP097881.1,3533433,3534413,,minus,,
NZ_CP097881.1,3534732,3535274,ecpR,plus,,
NZ_CP097881.1,3535349,3535936,ecpA,plus,,
NZ_CP097881.1,3535994,3536662,ecpB,plus,,
NZ_CP097881.1,3536688,3539213,ecpC,plus,,
NZ_CP097881.1,3539203,3540846,ecpD,plus,,
NZ_CP097881.1,3540815,3541525,ecpE,plus,,
NZ_CP097881.1,3541838,3542167,ykgJ,plus,,
NZ_CP097881.1,3542415,3543029,yagU,minus,,
NZ_CP097881.1,3543447,3544136,paoA,plus,,
NZ_CP097881.1,3544133,3545089,paoB,plus,,
NZ_CP097881.1,3545086,3547284,paoC,plus,,
NZ_CP097881.1,3547294,3548250,paoD,plus,,
NZ_CP097881.1,3548301,3548639,,plus,,
NZ_CP097881.1,3548924,3550324,intF,plus,,
NZ_CP097881.1,3550441,3550881,yagN,plus,,
NZ_CP097881.1,3550878,3551102,ykgV,plus,,
NZ_CP097881.1,3551221,3552075,yagM,plus,,
NZ_CP097881.1,3552102,3552800,yagL,plus,,
NZ_CP097881.1,3553072,3553698,yagK,plus,,
NZ_CP097881.1,3553789,3554520,yagJ,minus,,
NZ_CP097881.1,3554674,3555371,,plus,,
NZ_CP097881.1,3555388,3555591,,minus,,
NZ_CP097881.1,3555650,3555745,argL,plus,,
NZ_CP097881.1,3555715,3556719,argF,plus,,
NZ_CP097881.1,3556858,3557616,xynR,plus,,
NZ_CP097881.1,3557621,3559231,yagH,minus,,
NZ_CP097881.1,3559243,3560625,yagG,minus,,
NZ_CP097881.1,3560852,3562819,yagF,minus,,
NZ_CP097881.1,3562834,3563742,yagE,minus,,
NZ_CP097881.1,3564037,3565191,yagA,plus,,
NZ_CP097881.1,3565206,3565271,,plus,,
NZ_CP097881.1,3565285,3565635,yagB,plus,,
NZ_CP097881.1,3565658,3565906,,plus,,
NZ_CP097881.1,3565916,3566089,,minus,,
NZ_CP097881.1,3566145,3566842,,plus,,
NZ_CP097881.1,3566859,3567206,,plus,,
NZ_CP097881.1,3567218,3568264,fbpC,plus,,
NZ_CP097881.1,3568373,3569305,mmuM,minus,,
NZ_CP097881.1,3569292,3570695,mmuP,minus,,
NZ_CP097881.1,3570939,3571919,,plus,,
NZ_CP097881.1,3572067,3573158,ykfC,minus,,
NZ_CP097881.1,3573831,3574256,,minus,,
NZ_CP097881.1,3574266,3575417,,minus,,
NZ_CP097881.1,3575485,3575742,,minus,,
NZ_CP097881.1,3575838,3576731,perR,plus,,
NZ_CP097881.1,3577060,3577923,ykfA,plus,,
NZ_CP097881.1,3578015,3578836,yafZ,plus,,
NZ_CP097881.1,3579053,3579253,,plus,,
NZ_CP097881.1,3579228,3579467,ypjK,plus,,
NZ_CP097881.1,3579467,3579910,yafY,plus,,
NZ_CP097881.1,3579933,3580400,ykfB,plus,,
NZ_CP097881.1,3580477,3580716,ykfF,plus,,
NZ_CP097881.1,3580814,3581272,yafX,plus,,
NZ_CP097881.1,3581288,3581764,ykfG,plus,,
NZ_CP097881.1,3581773,3581994,ykfH,plus,,
NZ_CP097881.1,3582013,3582330,yafW,plus,,
NZ_CP097881.1,3582351,3582692,ykfI,plus,,
NZ_CP097881.1,3583074,3583149,,minus,,
NZ_CP097881.1,3583264,3584517,proA,minus,,
NZ_CP097881.1,3584529,3585632,proB,minus,,
NZ_CP097881.1,3585920,3586975,phoE,plus,,
NZ_CP097881.1,3587014,3587415,crl,minus,,
NZ_CP097881.1,3587473,3588717,frsA,minus,,
NZ_CP097881.1,3588809,3589267,gpt,minus,,
NZ_CP097881.1,3589528,3590985,pepD,plus,,
NZ_CP097881.1,3591042,3591548,prfH,minus,,
NZ_CP097881.1,3591559,3591765,,minus,,
NZ_CP097881.1,3592083,3592535,yafP,minus,,
NZ_CP097881.1,3592545,3592943,yafO,minus,,
NZ_CP097881.1,3592946,3593239,yafN,minus,,
NZ_CP097881.1,3593291,3594346,dinB,minus,,
NZ_CP097881.1,3594417,3595202,lafU,minus,,
NZ_CP097881.1,3595168,3596886,,plus,,
NZ_CP097881.1,3597110,3597607,rayT,minus,,
NZ_CP097881.1,3597783,3598532,yafL,minus,,
NZ_CP097881.1,3598742,3599002,dinJ,plus,,
NZ_CP097881.1,3599005,3599283,yafQ,plus,,
NZ_CP097881.1,3599439,3600179,dpaA,plus,,
NZ_CP097881.1,3600150,3600917,yafJ,minus,,
NZ_CP097881.1,3601123,3601701,lpcA,minus,,
NZ_CP097881.1,3601941,3604385,fadE,plus,,
NZ_CP097881.1,3604428,3604874,ivy,minus,,
NZ_CP097881.1,3605055,3605825,yafV,plus,,
NZ_CP097881.1,3605866,3606153,,minus,,
NZ_CP097881.1,3606142,3606498,,plus,,
NZ_CP097881.1,3606508,3606987,ykfM,plus,,
NZ_CP097881.1,3607124,3607909,,minus,,
NZ_CP097881.1,3608237,3608313,,minus,,
NZ_CP097881.1,3608446,3609177,dnaQ,minus,,
NZ_CP097881.1,3609242,3609709,rnhA,plus,,
NZ_CP097881.1,3609706,3610428,yafS,minus,,
NZ_CP097881.1,3610462,3611217,gloB,plus,,
NZ_CP097881.1,3611289,3612647,mltD,plus,,
NZ_CP097881.1,3612695,3613291,yafE,minus,,
NZ_CP097881.1,3613322,3614122,yafD,minus,,
NZ_CP097881.1,3614363,3615277,yafC,plus,,
NZ_CP097881.1,3615274,3616077,dkgB,minus,,
NZ_CP097881.1,3616240,3616316,,minus,,
NZ_CP097881.1,3616371,3616486,rrf,minus,,
NZ_CP097881.1,3616581,3619484,,minus,,
NZ_CP097881.1,3619668,3619743,,minus,,
NZ_CP097881.1,3619786,3619862,,minus,,
NZ_CP097881.1,3619931,3621472,,minus,,
NZ_CP097881.1,3621835,3622410,gmhB,minus,,
NZ_CP097881.1,3622598,3623629,metN,plus,,
NZ_CP097881.1,3623622,3624275,metI,plus,,
NZ_CP097881.1,3624315,3625130,metQ,plus,,
NZ_CP097881.1,3625248,3625652,rcsF,plus,,
NZ_CP097881.1,3625649,3626356,tsaA,plus,,
NZ_CP097881.1,3626468,3628186,proS,plus,,
NZ_CP097881.1,3628240,3629064,yaeF,plus,,
NZ_CP097881.1,3629264,3629974,nlpE,minus,,
NZ_CP097881.1,3629988,3630410,arfB,minus,,
NZ_CP097881.1,3630407,3630952,yaeQ,minus,,
NZ_CP097881.1,3631118,3631318,yaeP,plus,,
NZ_CP097881.1,3631305,3631565,rof,plus,,
NZ_CP097881.1,3631614,3632912,tilS,minus,,
NZ_CP097881.1,3632977,3633366,yaeR,minus,,
NZ_CP097881.1,3633423,3635564,ldcC,minus,,
NZ_CP097881.1,3635663,3636622,accA,minus,,
NZ_CP097881.1,3636635,3640117,dnaE,minus,,
NZ_CP097881.1,3640154,3640750,rnhB,minus,,
NZ_CP097881.1,3640747,3641895,lpxB,minus,,
NZ_CP097881.1,3641895,3642683,lpxA,minus,,
NZ_CP097881.1,3642687,3643142,fabZ,minus,,
NZ_CP097881.1,3643247,3644272,lpxD,minus,,
NZ_CP097881.1,3644276,3644761,skp,minus,,
NZ_CP097881.1,3644883,3647315,bamA,minus,,
NZ_CP097881.1,3647345,3648697,rseP,minus,,
NZ_CP097881.1,3648709,3649566,cdsA,minus,,
NZ_CP097881.1,3649579,3650337,ispU,minus,,
NZ_CP097881.1,3650526,3651722,ispC,minus,,
NZ_CP097881.1,3651814,3652371,frr,minus,,
NZ_CP097881.1,3652663,3653388,pyrH,minus,,
NZ_CP097881.1,3653535,3654386,tsf,minus,,
NZ_CP097881.1,3654644,3655369,rpsB,minus,,
NZ_CP097881.1,3655737,3656531,map,plus,,
NZ_CP097881.1,3656593,3659265,glnD,plus,,
NZ_CP097881.1,3659296,3660120,dapD,plus,,
NZ_CP097881.1,3660174,3660986,yaeI,plus,,
NZ_CP097881.1,3661148,3661534,yaeH,plus,,
NZ_CP097881.1,3661623,3662780,cdaR,minus,,
NZ_CP097881.1,3662935,3664359,degP,minus,,
NZ_CP097881.1,3664489,3666006,dgt,minus,,
NZ_CP097881.1,3666090,3666788,mtnN,plus,,
NZ_CP097881.1,3666781,3667581,btuF,plus,,
NZ_CP097881.1,3667619,3668242,yadS,plus,,
NZ_CP097881.1,3668289,3668633,erpA,minus,,
NZ_CP097881.1,3668626,3668691,yadW,minus,,
NZ_CP097881.1,3668715,3670136,clcA,minus,,
NZ_CP097881.1,3670148,3670195,yadX,minus,,
NZ_CP097881.1,3670361,3671641,hemL,plus,,
NZ_CP097881.1,3671799,3673781,fhuB,minus,,
NZ_CP097881.1,3673778,3674668,fhuD,minus,,
NZ_CP097881.1,3674668,3675465,fhuC,minus,,
NZ_CP097881.1,3675516,3677759,fhuA,minus,,
NZ_CP097881.1,3677979,3680513,mrcB,minus,,
NZ_CP097881.1,3680709,3683138,hrpB,minus,,
NZ_CP097881.1,3683212,3683742,thpR,plus,,
NZ_CP097881.1,3683757,3684461,sfsA,plus,,
NZ_CP097881.1,3684639,3685094,dksA,plus,,
NZ_CP097881.1,3685161,3686057,gluQRS,plus,,
NZ_CP097881.1,3686117,3687514,pcnB,plus,,
NZ_CP097881.1,3687511,3687990,folK,plus,,
NZ_CP097881.1,3688360,3688944,yadN,plus,,
NZ_CP097881.1,3689042,3689782,yadV,plus,,
NZ_CP097881.1,3689817,3692414,htrE,plus,,
NZ_CP097881.1,3692431,3693000,yadM,plus,,
NZ_CP097881.1,3693012,3693617,yadL,plus,,
NZ_CP097881.1,3693644,3694240,yadK,plus,,
NZ_CP097881.1,3694290,3695528,yadC,plus,,
NZ_CP097881.1,3695642,3696436,panB,plus,,
NZ_CP097881.1,3696448,3697299,panC,plus,,
NZ_CP097881.1,3697373,3698275,rpnC,minus,,
NZ_CP097881.1,3698549,3698929,panD,plus,,
NZ_CP097881.1,3698933,3700162,yadE,minus,,
NZ_CP097881.1,3700226,3700666,yadI,minus,,
NZ_CP097881.1,3700771,3701541,yadH,minus,,
NZ_CP097881.1,3701538,3702464,yadG,minus,,
NZ_CP097881.1,3702573,3703235,can,plus,,
NZ_CP097881.1,3703276,3703812,hpt,minus,,
NZ_CP097881.1,3704018,3706408,gcd,plus,,
NZ_CP097881.1,3706610,3708160,cueO,minus,,
NZ_CP097881.1,3708326,3708673,yacC,plus,,
NZ_CP097881.1,3708779,3709645,speE,plus,,
NZ_CP097881.1,3709661,3710455,speD,plus,,
NZ_CP097881.1,3710493,3710855,yacL,minus,,
NZ_CP097881.1,3711031,3713628,acnB,minus,,
NZ_CP097881.1,3713983,3715836,yacH,plus,,
NZ_CP097881.1,3715907,3717331,lpdA,minus,,
NZ_CP097881.1,3717656,3719548,aceF,minus,,
NZ_CP097881.1,3719563,3722226,aceE,minus,,
NZ_CP097881.1,3722387,3723151,pdhR,minus,,
NZ_CP097881.1,3723692,3725065,aroP,plus,,
NZ_CP097881.1,3725108,3725962,ampE,minus,,
NZ_CP097881.1,3725959,3726510,ampD,minus,,
NZ_CP097881.1,3726598,3727491,nadC,plus,,
NZ_CP097881.1,3727694,3728134,ppdD,plus,,
NZ_CP097881.1,3728144,3729529,gspE,plus,,
NZ_CP097881.1,3729519,3730721,hofC,plus,,
NZ_CP097881.1,3730756,3731799,guaC,minus,,
NZ_CP097881.1,3731955,3731999,,minus,,
NZ_CP097881.1,3732024,3732644,coaE,plus,,
NZ_CP097881.1,3732644,3733387,zapD,plus,,
NZ_CP097881.1,3733397,3733594,yacG,plus,,
NZ_CP097881.1,3733810,3734199,mutT,minus,,
NZ_CP097881.1,3734259,3736964,secA,minus,,
NZ_CP097881.1,3737026,3737538,secM,minus,,
NZ_CP097881.1,3737769,3738686,lpxC,minus,,
NZ_CP097881.1,3738787,3739938,ftsZ,minus,,
NZ_CP097881.1,3739999,3741261,ftsA,minus,,
NZ_CP097881.1,3741258,3742088,ftsQ,minus,,
NZ_CP097881.1,3742090,3743010,ddlB,minus,,
NZ_CP097881.1,3743003,3744478,murC,minus,,
NZ_CP097881.1,3744532,3745599,murG,minus,,
NZ_CP097881.1,3745596,3746840,ftsW,minus,,
NZ_CP097881.1,3746840,3748156,murD,minus,,
NZ_CP097881.1,3748159,3749241,mraY,minus,,
NZ_CP097881.1,3749235,3750593,murF,minus,,
NZ_CP097881.1,3750590,3752077,murE,minus,,
NZ_CP097881.1,3752064,3753830,ftsI,minus,,
NZ_CP097881.1,3753846,3754211,ftsL,minus,,
NZ_CP097881.1,3754208,3755149,rsmH,minus,,
NZ_CP097881.1,3755151,3755609,mraZ,minus,,
NZ_CP097881.1,3756211,3757215,cra,minus,,
NZ_CP097881.1,3757297,3757383,,minus,,
NZ_CP097881.1,3757395,3757886,ilvN,minus,,
NZ_CP097881.1,3757889,3759613,ilvI,minus,,
NZ_CP097881.1,3759732,3759776,,plus,,
NZ_CP097881.1,3759931,3760875,leuO,minus,,
NZ_CP097881.1,3761535,3761621,leuL,plus,,
NZ_CP097881.1,3761714,3763285,leuA,plus,,
NZ_CP097881.1,3763285,3764376,leuB,plus,,
NZ_CP097881.1,3764379,3765779,leuC,plus,,
NZ_CP097881.1,3765790,3766395,leuD,plus,,
NZ_CP097881.1,3766444,3767622,setA,minus,,
NZ_CP097881.1,3767724,3767855,sgrT,minus,,
NZ_CP097881.1,3767944,3769599,sgrR,plus,,
NZ_CP097881.1,3769763,3770746,thiB,plus,,
NZ_CP097881.1,3770722,3772332,thiP,plus,,
NZ_CP097881.1,3772316,3773014,thiQ,plus,,
NZ_CP097881.1,3773128,3773892,yabI,minus,,
NZ_CP097881.1,3773978,3774856,araC,minus,,
NZ_CP097881.1,3775195,3776895,araB,plus,,
NZ_CP097881.1,3776906,3778408,araA,plus,,
NZ_CP097881.1,3778693,3779388,araD,plus,,
NZ_CP097881.1,3779463,3781814,polB,plus,,
NZ_CP097881.1,3781979,3784885,rapA,plus,,
NZ_CP097881.1,3784897,3785556,rluA,plus,,
NZ_CP097881.1,3785769,3785947,,plus,,
NZ_CP097881.1,3785964,3786122,yabQ,minus,,
NZ_CP097881.1,3786119,3786769,yabP,minus,,
NZ_CP097881.1,3787064,3787879,djlA,minus,,
NZ_CP097881.1,3788134,3790488,lptD,plus,,
NZ_CP097881.1,3790541,3791827,surA,plus,,
NZ_CP097881.1,3791827,3792816,pdxA,plus,,
NZ_CP097881.1,3792813,3793634,rsmA,plus,,
NZ_CP097881.1,3793637,3794014,apaG,plus,,
NZ_CP097881.1,3794021,3794863,apaH,plus,,
NZ_CP097881.1,3794941,3795420,folA,minus,,
NZ_CP097881.1,3795612,3797474,kefC,minus,,
NZ_CP097881.1,3797467,3797997,kefF,minus,,
NZ_CP097881.1,3798105,3799436,yaaU,minus,,
NZ_CP097881.1,3799493,3799780,fixX,minus,,
NZ_CP097881.1,3799777,3801063,fixC,minus,,
NZ_CP097881.1,3801114,3802055,fixB,minus,,
NZ_CP097881.1,3802070,3802840,fixA,minus,,
NZ_CP097881.1,3803312,3804826,caiT,plus,,
NZ_CP097881.1,3804857,3805999,caiA,plus,,
NZ_CP097881.1,3806128,3807345,caiB,plus,,
NZ_CP097881.1,3807419,3808972,caiC,plus,,
NZ_CP097881.1,3809081,3809866,caiD,plus,,
NZ_CP097881.1,3809872,3810462,caiE,plus,,
NZ_CP097881.1,3810548,3810943,caiF,minus,,
NZ_CP097881.1,3811205,3814426,carB,minus,,
NZ_CP097881.1,3814444,3815592,carA,minus,,
NZ_CP097881.1,3816048,3816869,dapB,minus,,
NZ_CP097881.1,3817036,3817950,rihC,minus,,
NZ_CP097881.1,3818016,3818966,ispH,minus,,
NZ_CP097881.1,3818968,3819417,fkpB,minus,,
NZ_CP097881.1,3819542,3820036,lspA,minus,,
NZ_CP097881.1,3820036,3822852,ileS,minus,,
NZ_CP097881.1,3822895,3823836,ribF,minus,,
NZ_CP097881.1,3823844,3824062,yaaY,minus,,
NZ_CP097881.1,3824165,3824428,rpsT,plus,,
NZ_CP097881.1,3824735,3825432,,plus,,
NZ_CP097881.1,3825448,3825585,,plus,,
NZ_CP097881.1,3825623,3826522,nhaR,minus,,
NZ_CP097881.1,3826588,3827754,nhaA,minus,,
NZ_CP097881.1,3828340,3828492,mokC,plus,,
NZ_CP097881.1,3828686,3829798,,minus,,
NZ_CP097881.1,3829945,3831075,dnaJ,minus,,
NZ_CP097881.1,3831164,3833080,dnaK,minus,,
NZ_CP097881.1,3833457,3833861,yaaI,plus,,
NZ_CP097881.1,3833887,3834600,msyB,plus,,
NZ_CP097881.1,3834749,3835315,satP,plus,,
NZ_CP097881.1,3835350,3835937,mog,minus,,
NZ_CP097881.1,3836052,3837005,tal,minus,,
NZ_CP097881.1,3837284,3838714,yaaJ,plus,,
NZ_CP097881.1,3838784,3839560,yaaA,plus,,
NZ_CP097881.1,3839713,3840009,yaaX,minus,,
NZ_CP097881.1,3840223,3841509,thrC,minus,,
NZ_CP097881.1,3841510,3842442,thrB,minus,,
NZ_CP097881.1,3842444,3844906,thrA,minus,,
NZ_CP097881.1,3844988,3845053,thrL,minus,,
NZ_CP097881.1,3845267,3845953,yjtD,minus,,
NZ_CP097881.1,3846353,3846493,yjjY,minus,,
NZ_CP097881.1,3846589,3847305,arcA,plus,,
NZ_CP097881.1,3847365,3848717,creD,minus,,
NZ_CP097881.1,3848775,3850199,creC,minus,,
NZ_CP097881.1,3850199,3850888,creB,minus,,
NZ_CP097881.1,3850901,3851374,creA,minus,,
NZ_CP097881.1,3851585,3852454,robA,plus,,
NZ_CP097881.1,3852451,3853098,gpmB,minus,,
NZ_CP097881.1,3853150,3853662,yjjX,plus,,
NZ_CP097881.1,3853809,3854135,trpR,minus,,
NZ_CP097881.1,3854225,3856162,sltY,minus,,
NZ_CP097881.1,3856373,3858040,ettA,plus,,
NZ_CP097881.1,3858201,3858314,nadS,minus,,
NZ_CP097881.1,3858348,3859580,nadR,minus,,
NZ_CP097881.1,3859601,3860983,radA,minus,,
NZ_CP097881.1,3861032,3862000,serB,minus,,
NZ_CP097881.1,3862106,3862750,ytjB,plus,,
NZ_CP097881.1,3862778,3863794,lplA,plus,,
NZ_CP097881.1,3863795,3865126,yjjJ,minus,,
NZ_CP097881.1,3865293,3866012,deoD,minus,,
NZ_CP097881.1,3866069,3867292,deoB,minus,,
NZ_CP097881.1,3867344,3868666,deoA,minus,,
NZ_CP097881.1,3868793,3869572,deoC,minus,,
NZ_CP097881.1,3869830,3871380,yjjI,plus,,
NZ_CP097881.1,3871352,3872215,yjjW,plus,,
NZ_CP097881.1,3872635,3873414,yjjV,minus,,
NZ_CP097881.1,3873411,3874484,yjjU,minus,,
NZ_CP097881.1,3874606,3874767,ytjA,minus,,
NZ_CP097881.1,3874894,3875499,osmY,minus,,
NZ_CP097881.1,3875892,3877481,prfC,minus,,
NZ_CP097881.1,3877572,3878249,yjjG,minus,,
NZ_CP097881.1,3878264,3878710,rimI,minus,,
NZ_CP097881.1,3878679,3879092,holD,minus,,
NZ_CP097881.1,3879195,3880226,rsmC,plus,,
NZ_CP097881.1,3880494,3880580,,plus,,
NZ_CP097881.1,3880609,3880695,,plus,,
NZ_CP097881.1,3880730,3880816,,plus,,
NZ_CP097881.1,3880855,3881091,yjjZ,minus,,
NZ_CP097881.1,3881232,3882020,fhuF,plus,,
NZ_CP097881.1,3882058,3882735,bglJ,minus,,
NZ_CP097881.1,3882693,3883418,yjjQ,minus,,
NZ_CP097881.1,3884037,3884807,yjjP,plus,,
NZ_CP097881.1,3884798,3885271,yjjB,plus,,
NZ_CP097881.1,3885378,3885917,dnaT,plus,,
NZ_CP097881.1,3885920,3886657,dnaC,plus,,
NZ_CP097881.1,3886706,3887200,yjjA,plus,,
NZ_CP097881.1,3887454,3889745,opgB,plus,,
NZ_CP097881.1,3889883,3890905,lgoD,minus,,
NZ_CP097881.1,3891044,3891958,lgoR,plus,,
NZ_CP097881.1,3892173,3893534,lgoT,plus,,
NZ_CP097881.1,3893583,3895238,tsr,minus,,
NZ_CP097881.1,3895616,3897766,btsT,plus,,
NZ_CP097881.1,3897816,3898019,yjiX,plus,,
NZ_CP097881.1,3898030,3898986,yjiA,plus,,
NZ_CP097881.1,3899032,3899946,mrr,minus,,
NZ_CP097881.1,3900134,3903646,hsdR,plus,,
NZ_CP097881.1,3903847,3905436,hsdM,plus,,
NZ_CP097881.1,3905433,3906827,hsdS,plus,,
NZ_CP097881.1,3907055,3907396,symE,plus,,
NZ_CP097881.1,3907558,3908937,mcrB,plus,,
NZ_CP097881.1,3908937,3909983,mcrC,plus,,
NZ_CP097881.1,3910040,3912976,,minus,,
NZ_CP097881.1,3912973,3914481,yjiT,minus,,
NZ_CP097881.1,3914980,3915144,yjiS,minus,,
NZ_CP097881.1,3915321,3916733,yjiR,plus,,
NZ_CP097881.1,3916977,3917897,,minus,,
NZ_CP097881.1,3918376,3919608,mdtM,plus,,
NZ_CP097881.1,3919649,3920929,yjiN,plus,,
NZ_CP097881.1,3921045,3922196,yjiM,plus,,
NZ_CP097881.1,3922206,3922973,yjiL,plus,,
NZ_CP097881.1,3922970,3923227,ytiA,plus,,
NZ_CP097881.1,3923292,3924152,yjiK,plus,,
NZ_CP097881.1,3924220,3925398,yjiJ,plus,,
NZ_CP097881.1,3925411,3925965,kptA,minus,,
NZ_CP097881.1,3926215,3926898,yjiH,plus,,
NZ_CP097881.1,3926895,3927356,yjiG,plus,,
NZ_CP097881.1,3927369,3928541,iadA,plus,,
NZ_CP097881.1,3928606,3929517,hypT,plus,,
NZ_CP097881.1,3929510,3929902,iraD,minus,,
NZ_CP097881.1,3929899,3929982,idlP,minus,,
NZ_CP097881.1,3930098,3930241,ytiD,minus,,
NZ_CP097881.1,3930575,3931405,yjiC,plus,,
NZ_CP097881.1,3931546,3932319,uxuR,minus,,
NZ_CP097881.1,3932534,3933994,uxuB,minus,,
NZ_CP097881.1,3934075,3935259,uxuA,minus,,
NZ_CP097881.1,3935599,3936942,gntP,plus,,
NZ_CP097881.1,3937185,3938087,fimH,minus,,
NZ_CP097881.1,3938107,3938550,,minus,,
NZ_CP097881.1,3938623,3939153,fimF,minus,,
NZ_CP097881.1,3939163,3941799,fimD,minus,,
NZ_CP097881.1,3941866,3942591,fimC,minus,,
NZ_CP097881.1,3942628,3943167,fimI,minus,,
NZ_CP097881.1,3943232,3943780,fimA,minus,,
NZ_CP097881.1,3944262,3944858,fimE,minus,,
NZ_CP097881.1,3945336,3945938,fimB,minus,,
NZ_CP097881.1,3947394,3948110,nanC,plus,,
NZ_CP097881.1,3948130,3949236,nanM,plus,,
NZ_CP097881.1,3949301,3950281,nanS,plus,,
NZ_CP097881.1,3950391,3950596,,plus,,
NZ_CP097881.1,3950864,3952104,yjhR,minus,,
NZ_CP097881.1,3952220,3952351,,plus,,
NZ_CP097881.1,3952842,3953099,topAI,plus,,
NZ_CP097881.1,3953111,3953656,yjhQ,plus,,
NZ_CP097881.1,3953712,3954458,yjhP,plus,,
NZ_CP097881.1,3954627,3954845,,plus,,
NZ_CP097881.1,3954883,3954999,,plus,,
NZ_CP097881.1,3955244,3956365,sgcX,plus,,
NZ_CP097881.1,3956362,3956640,sgcB,plus,,
NZ_CP097881.1,3956652,3957965,sgcC,plus,,
NZ_CP097881.1,3957978,3958784,sgcQ,plus,,
NZ_CP097881.1,3958915,3959346,sgcA,plus,,
NZ_CP097881.1,3959358,3959990,sgcE,plus,,
NZ_CP097881.1,3960007,3960789,sgcR,plus,,
NZ_CP097881.1,3961092,3961880,yjhI,plus,,
NZ_CP097881.1,3961885,3962790,yjhH,plus,,
NZ_CP097881.1,3962801,3964768,yjhG,plus,,
NZ_CP097881.1,3964875,3966224,yjhF,plus,,
NZ_CP097881.1,3966571,3967557,yjhU,plus,,
NZ_CP097881.1,3967671,3968368,,minus,,
NZ_CP097881.1,3968455,3968523,ykiE,minus,,
NZ_CP097881.1,3968660,3969181,fecI,plus,,
NZ_CP097881.1,3969178,3970131,fecR,plus,,
NZ_CP097881.1,3970218,3972542,fecA,plus,,
NZ_CP097881.1,3972587,3973489,fecB,plus,,
NZ_CP097881.1,3973486,3974484,fecC,plus,,
NZ_CP097881.1,3974481,3975437,fecD,plus,,
NZ_CP097881.1,3975438,3976205,fecE,plus,,
NZ_CP097881.1,3976762,3977019,,minus,,
NZ_CP097881.1,3977102,3977886,,minus,,
NZ_CP097881.1,3977953,3978258,,plus,,
NZ_CP097881.1,3978278,3979429,,plus,,
NZ_CP097881.1,3979441,3979698,,minus,,
NZ_CP097881.1,3979786,3979989,,minus,,
NZ_CP097881.1,3980012,3980269,,plus,,
NZ_CP097881.1,3980322,3980447,ythA,minus,,
NZ_CP097881.1,3980490,3981608,nanY,minus,,
NZ_CP097881.1,3981620,3982837,nanX,minus,,
NZ_CP097881.1,3983446,3984792,insG,plus,,
NZ_CP097881.1,3985306,3985535,,minus,,
NZ_CP097881.1,3986119,3987302,,plus,,
NZ_CP097881.1,3987395,3988623,,minus,,
NZ_CP097881.1,3988955,3990163,,minus,,
NZ_CP097881.1,3990406,3990490,,minus,,
NZ_CP097881.1,3990686,3991705,ahr,plus,,
NZ_CP097881.1,3991709,3992272,idnK,minus,,
NZ_CP097881.1,3992489,3993520,idnD,plus,,
NZ_CP097881.1,3993544,3994308,idnO,plus,,
NZ_CP097881.1,3994370,3995689,idnT,plus,,
NZ_CP097881.1,3995756,3996754,idnR,plus,,
NZ_CP097881.1,3996832,3998334,yjgR,plus,,
NZ_CP097881.1,3998495,3999577,lptG,minus,,
NZ_CP097881.1,3999577,4000677,lptF,minus,,
NZ_CP097881.1,4000740,4000790,ytgA,minus,,
NZ_CP097881.1,4000944,4002455,pepA,plus,,
NZ_CP097881.1,4002615,4003058,holC,plus,,
NZ_CP097881.1,4003058,4005913,valS,plus,,
NZ_CP097881.1,4005969,4007165,yjgN,minus,,
NZ_CP097881.1,4007358,4007861,yjgM,plus,,
NZ_CP097881.1,4008006,4008422,rraB,minus,,
NZ_CP097881.1,4008584,4009588,argF,plus,,
NZ_CP097881.1,4009644,4011458,yjgL,minus,,
NZ_CP097881.1,4011581,4012033,tabA,minus,,
NZ_CP097881.1,4012178,4012771,bdcR,minus,,
NZ_CP097881.1,4012842,4013555,bdcA,plus,,
NZ_CP097881.1,4013686,4014081,yjgH,plus,,
NZ_CP097881.1,4014362,4014496,pyrL,plus,,
NZ_CP097881.1,4014500,4015435,pyrB,plus,,
NZ_CP097881.1,4015448,4015909,pyrI,plus,,
NZ_CP097881.1,4015982,4016368,ridA,plus,,
NZ_CP097881.1,4016574,4019270,mgtA,minus,,
NZ_CP097881.1,4019411,4019464,mgtL,minus,,
NZ_CP097881.1,4019649,4020596,treR,plus,,
NZ_CP097881.1,4020715,4022136,treB,plus,,
NZ_CP097881.1,4022186,4023841,treC,plus,,
NZ_CP097881.1,4024235,4026373,nrdD,plus,,
NZ_CP097881.1,4026531,4026995,nrdG,plus,,
NZ_CP097881.1,4027040,4027405,cybC,minus,,
NZ_CP097881.1,4027584,4028936,pmbA,minus,,
NZ_CP097881.1,4029030,4029581,yjgA,plus,,
NZ_CP097881.1,4029737,4031110,mpl,minus,,
NZ_CP097881.1,4031286,4032284,fbp,plus,,
NZ_CP097881.1,4032317,4033312,yjfF,minus,,
NZ_CP097881.1,4033299,4034321,ytfT,minus,,
NZ_CP097881.1,4034335,4035837,ytfR,minus,,
NZ_CP097881.1,4035977,4036933,ytfQ,minus,,
NZ_CP097881.1,4037243,4037773,ppa,plus,,
NZ_CP097881.1,4037853,4038203,chpB,minus,,
NZ_CP097881.1,4038197,4038448,chpS,minus,,
NZ_CP097881.1,4038660,4039001,ytfP,minus,,
NZ_CP097881.1,4039004,4042783,tamB,minus,,
NZ_CP097881.1,4042780,4044513,tamA,minus,,
NZ_CP097881.1,4044719,4045357,msrA,plus,,
NZ_CP097881.1,4045680,4047023,paeA,plus,,
NZ_CP097881.1,4047102,4047308,ytfK,minus,,
NZ_CP097881.1,4047633,4048187,ytfJ,plus,,
NZ_CP097881.1,4048250,4049188,ytfI,minus,,
NZ_CP097881.1,4049400,4050140,cysQ,minus,,
NZ_CP097881.1,4050330,4052273,cpdB,plus,,
NZ_CP097881.1,4052402,4052782,ytfH,minus,,
NZ_CP097881.1,4052871,4053731,qorB,plus,,
NZ_CP097881.1,4053839,4054804,ytfF,plus,,
NZ_CP097881.1,4054912,4055574,ytfE,plus,,
NZ_CP097881.1,4055619,4057031,cycA,minus,,
NZ_CP097881.1,4057340,4057960,fklB,minus,,
NZ_CP097881.1,4058178,4058816,ytfB,plus,,
NZ_CP097881.1,4058800,4059201,,minus,,
NZ_CP097881.1,4059473,4060267,yjfZ,plus,,
NZ_CP097881.1,4060338,4060787,rplI,minus,,
NZ_CP097881.1,4060829,4061056,rpsR,minus,,
NZ_CP097881.1,4061061,4061375,priB,minus,,
NZ_CP097881.1,4061382,4061777,rpsF,minus,,
NZ_CP097881.1,4062104,4062379,yjfY,plus,,
NZ_CP097881.1,4062509,4063195,ulaF,minus,,
NZ_CP097881.1,4063195,4064049,ulaE,minus,,
NZ_CP097881.1,4064059,4064709,ulaD,minus,,
NZ_CP097881.1,4064723,4065187,ulaC,minus,,
NZ_CP097881.1,4065197,4065502,ulaB,minus,,
NZ_CP097881.1,4065518,4066915,ulaA,minus,,
NZ_CP097881.1,4067270,4068334,ulaG,plus,,
NZ_CP097881.1,4068442,4069197,ulaR,plus,,
NZ_CP097881.1,4069194,4069943,yjfP,minus,,
NZ_CP097881.1,4070125,4070454,bsmA,plus,,
NZ_CP097881.1,4070603,4070878,yjfN,plus,,
NZ_CP097881.1,4070995,4072620,aidB,minus,,
NZ_CP097881.1,4072704,4073867,yjfC,minus,,
NZ_CP097881.1,4073870,4074508,yjfM,minus,,
NZ_CP097881.1,4074518,4074916,yjfL,minus,,
NZ_CP097881.1,4074934,4075593,yjfK,minus,,
NZ_CP097881.1,4075644,4076342,yjfJ,minus,,
NZ_CP097881.1,4076361,4076762,yjfI,minus,,
NZ_CP097881.1,4076889,4077620,rlmB,minus,,
NZ_CP097881.1,4077800,4080241,rnr,minus,,
NZ_CP097881.1,4080280,4080705,nsrR,minus,,
NZ_CP097881.1,4080910,4082208,purA,minus,,
NZ_CP097881.1,4082312,4082509,yjeT,minus,,
NZ_CP097881.1,4082591,4083595,hflC,minus,,
NZ_CP097881.1,4083598,4084857,hflK,minus,,
NZ_CP097881.1,4084943,4086223,hflX,minus,,
NZ_CP097881.1,4086299,4086607,hfq,minus,,
NZ_CP097881.1,4086693,4087643,miaA,minus,,
NZ_CP097881.1,4087636,4089483,mutL,minus,,
NZ_CP097881.1,4089493,4090830,amiB,minus,,
NZ_CP097881.1,4090849,4091310,tsaE,minus,,
NZ_CP097881.1,4091282,4092829,nnr,minus,,
NZ_CP097881.1,4092828,4093967,queG,plus,,
NZ_CP097881.1,4093950,4094003,,minus,,
NZ_CP097881.1,4094237,4094312,,minus,,
NZ_CP097881.1,4094348,4094423,,minus,,
NZ_CP097881.1,4094460,4094535,,minus,,
NZ_CP097881.1,4094746,4095291,orn,minus,,
NZ_CP097881.1,4095386,4096438,rsgA,plus,,
NZ_CP097881.1,4096535,4097503,asd,plus,,
NZ_CP097881.1,4097525,4100848,mscM,plus,,
NZ_CP097881.1,4100877,4101191,yjeO,minus,,
NZ_CP097881.1,4101188,4101502,yjeN,minus,,
NZ_CP097881.1,4101554,4103056,yjeM,minus,,
NZ_CP097881.1,4103275,4104252,epmA,minus,,
NZ_CP097881.1,4104577,4106385,frdA,plus,,
NZ_CP097881.1,4106378,4107112,frdB,plus,,
NZ_CP097881.1,4107123,4107518,frdC,plus,,
NZ_CP097881.1,4107529,4107888,frdD,plus,,
NZ_CP097881.1,4107951,4109084,ampC,plus,,
NZ_CP097881.1,4109173,4109706,blc,plus,,
NZ_CP097881.1,4109703,4110020,sugE,minus,,
NZ_CP097881.1,4110196,4110342,ecnB,minus,,
NZ_CP097881.1,4110453,4110578,ecnA,minus,,
NZ_CP097881.1,4110630,4111196,efp,minus,,
NZ_CP097881.1,4111238,4112266,epmB,plus,,
NZ_CP097881.1,4112661,4113530,yjeJ,plus,,
NZ_CP097881.1,4113733,4114086,yjeI,minus,,
NZ_CP097881.1,4114224,4115870,groL,minus,,
NZ_CP097881.1,4115914,4116207,groS,minus,,
NZ_CP097881.1,4116483,4117739,yjeH,plus,,
NZ_CP097881.1,4117755,4118231,fxsA,minus,,
NZ_CP097881.1,4118568,4120004,aspA,plus,,
NZ_CP097881.1,4120122,4121423,dcuA,plus,,
NZ_CP097881.1,4121539,4121877,cutA,plus,,
NZ_CP097881.1,4121853,4123550,dsbD,plus,,
NZ_CP097881.1,4123587,4124162,dicD,plus,,
NZ_CP097881.1,4124269,4124344,,plus,,
NZ_CP097881.1,4124542,4124701,,plus,,
NZ_CP097881.1,4124961,4126499,cadC,plus,,
NZ_CP097881.1,4126864,4128198,cadB,plus,,
NZ_CP097881.1,4128278,4130425,cadA,plus,,
NZ_CP097881.1,4130484,4131941,dtpC,plus,,
NZ_CP097881.1,4132178,4133695,lysS,plus,,
NZ_CP097881.1,4133814,4133987,ghoT,minus,,
NZ_CP097881.1,4134015,4134311,ghoS,minus,,
NZ_CP097881.1,4134538,4134810,yjdJ,minus,,
NZ_CP097881.1,4134822,4135052,yjdI,minus,,
NZ_CP097881.1,4135233,4136864,dcuS,plus,,
NZ_CP097881.1,4136861,4137580,dcuR,plus,,
NZ_CP097881.1,4138151,4139491,dcuB,plus,,
NZ_CP097881.1,4139569,4141215,fumB,plus,,
NZ_CP097881.1,4141337,4141966,yjdF,plus,,
NZ_CP097881.1,4142105,4143526,melB,minus,,
NZ_CP097881.1,4143629,4144984,melA,minus,,
NZ_CP097881.1,4145267,4146175,melR,plus,,
NZ_CP097881.1,4146374,4148641,adiA,plus,,
NZ_CP097881.1,4148966,4149727,adiY,plus,,
NZ_CP097881.1,4149864,4151201,adiC,plus,,
NZ_CP097881.1,4151305,4152948,eptA,plus,,
NZ_CP097881.1,4152945,4153613,basR,plus,,
NZ_CP097881.1,4153614,4154714,pmrB,plus,,
NZ_CP097881.1,4154690,4154779,pmrR,minus,,
NZ_CP097881.1,4154891,4156393,proP,minus,,
NZ_CP097881.1,4156657,4157535,rdcB,minus,,
NZ_CP097881.1,4157532,4159760,crfC,minus,,
NZ_CP097881.1,4160161,4160496,yjdM,plus,,
NZ_CP097881.1,4161154,4161597,yjdN,plus,,
NZ_CP097881.1,4161730,4162518,phnC,plus,,
NZ_CP097881.1,4162543,4163559,phnD,plus,,
NZ_CP097881.1,4163665,4164452,phnE,plus,,
NZ_CP097881.1,4164473,4165198,phnF,plus,,
NZ_CP097881.1,4165199,4165651,phnG,plus,,
NZ_CP097881.1,4165648,4166232,phnH,plus,,
NZ_CP097881.1,4166232,4167296,phnI,plus,,
NZ_CP097881.1,4167289,4168134,phnJ,plus,,
NZ_CP097881.1,4168131,4168889,phnK,plus,,
NZ_CP097881.1,4169000,4169680,phnL,plus,,
NZ_CP097881.1,4169677,4170813,phnM,plus,,
NZ_CP097881.1,4170813,4171370,phnN,plus,,
NZ_CP097881.1,4171357,4171791,phnO,plus,,
NZ_CP097881.1,4171793,4172551,phnP,plus,,
NZ_CP097881.1,4172698,4173027,yjdP,minus,,
NZ_CP097881.1,4173096,4173545,rpiB,minus,,
NZ_CP097881.1,4173904,4174794,alsR,plus,,
NZ_CP097881.1,4174853,4175788,alsB,plus,,
NZ_CP097881.1,4175915,4177447,alsA,plus,,
NZ_CP097881.1,4177426,4178406,alsC,plus,,
NZ_CP097881.1,4178417,4179112,alsE,plus,,
NZ_CP097881.1,4179096,4180025,alsK,plus,,
NZ_CP097881.1,4180298,4182283,yjcS,plus,,
NZ_CP097881.1,4182492,4182767,ytcA,plus,,
NZ_CP097881.1,4182786,4183817,mdtN,plus,,
NZ_CP097881.1,4183817,4185868,mdtO,plus,,
NZ_CP097881.1,4185865,4187331,mdtP,plus,,
NZ_CP097881.1,4187529,4189676,fdhF,plus,,
NZ_CP097881.1,4189770,4190459,yjcO,plus,,
NZ_CP097881.1,4190990,4192303,gltP,minus,,
NZ_CP097881.1,4192645,4193241,nrfG,minus,,
NZ_CP097881.1,4193238,4193621,nrfF,minus,,
NZ_CP097881.1,4193614,4195332,nrfE,minus,,
NZ_CP097881.1,4195352,4196308,nrfD,minus,,
NZ_CP097881.1,4196305,4196976,nrfC,minus,,
NZ_CP097881.1,4196973,4197539,nrfB,minus,,
NZ_CP097881.1,4197584,4199020,nrfA,minus,,
NZ_CP097881.1,4199413,4201371,acs,plus,,
NZ_CP097881.1,4201571,4201885,yjcH,plus,,
NZ_CP097881.1,4201882,4203531,actP,plus,,
NZ_CP097881.1,4203709,4205001,espX5,plus,,
NZ_CP097881.1,4205155,4206804,yjcE,minus,,
NZ_CP097881.1,4206956,4208305,ghxP,minus,,
NZ_CP097881.1,4208851,4209315,soxR,minus,,
NZ_CP097881.1,4209401,4209724,soxS,plus,,
NZ_CP097881.1,4209727,4211313,pdeC,minus,,
NZ_CP097881.1,4211743,4212024,yjcB,plus,,
NZ_CP097881.1,4212123,4212659,ssb1,minus,,
NZ_CP097881.1,4212913,4215735,uvrA,plus,,
NZ_CP097881.1,4215770,4216126,yjbR,minus,,
NZ_CP097881.1,4216130,4216546,yjbQ,minus,,
NZ_CP097881.1,4216657,4217370,aphA,minus,,
NZ_CP097881.1,4217772,4217975,yjbS,plus,,
NZ_CP097881.1,4218477,4219670,tyrB,minus,,
NZ_CP097881.1,4219923,4221002,alr,minus,,
NZ_CP097881.1,4221055,4222470,dnaB,minus,,
NZ_CP097881.1,4222553,4223536,qorA,plus,,
NZ_CP097881.1,4223702,4223944,pspG,minus,,
NZ_CP097881.1,4224078,4225115,dusA,minus,,
NZ_CP097881.1,4225478,4226463,,minus,,
NZ_CP097881.1,4226781,4227296,zur,plus,,
NZ_CP097881.1,4227338,4227547,yjbJ,minus,,
NZ_CP097881.1,4227663,4228988,dinF,minus,,
NZ_CP097881.1,4229061,4229669,lexA,minus,,
NZ_CP097881.1,4229779,4230147,dgkA,minus,,
NZ_CP097881.1,4230318,4232741,plsB,plus,,
NZ_CP097881.1,4232896,4233768,ubiA,minus,,
NZ_CP097881.1,4233781,4234278,ubiC,minus,,
NZ_CP097881.1,4234501,4236081,,minus,,
NZ_CP097881.1,4236310,4237230,malM,minus,,
NZ_CP097881.1,4237473,4238813,lamB,minus,,
NZ_CP097881.1,4238885,4240000,malK,minus,,
NZ_CP097881.1,4240365,4241555,malE,plus,,
NZ_CP097881.1,4241709,4243253,malF,plus,,
NZ_CP097881.1,4243268,4244158,malG,plus,,
NZ_CP097881.1,4244530,4246005,xylE,plus,,
NZ_CP097881.1,4246049,4246459,psiE,minus,,
NZ_CP097881.1,4246585,4246728,,minus,,
NZ_CP097881.1,4246729,4247007,,plus,,
NZ_CP097881.1,4247054,4249150,yjbH,minus,,
NZ_CP097881.1,4249150,4249887,yjbG,minus,,
NZ_CP097881.1,4249884,4250522,yjbF,minus,,
NZ_CP097881.1,4250636,4250878,yjbE,minus,,
NZ_CP097881.1,4251377,4253026,pgi,minus,,
NZ_CP097881.1,4253551,4254900,lysC,plus,,
NZ_CP097881.1,4255153,4255425,yjbD,plus,,
NZ_CP097881.1,4255558,4256430,rluF,minus,,
NZ_CP097881.1,4256642,4257331,pepE,plus,,
NZ_CP097881.1,4257422,4259053,yjbB,minus,,
NZ_CP097881.1,4259273,4262956,metH,minus,,
NZ_CP097881.1,4263156,4263980,iclR,plus,,
NZ_CP097881.1,4264297,4266483,espL4,plus,,
NZ_CP097881.1,4266452,4268188,aceK,minus,,
NZ_CP097881.1,4268371,4269675,aceA,minus,,
NZ_CP097881.1,4269705,4271306,aceB,minus,,
NZ_CP097881.1,4271575,4272504,metA,minus,,
NZ_CP097881.1,4272661,4273104,yjaB,plus,,
NZ_CP097881.1,4273167,4273550,yjaA,minus,,
NZ_CP097881.1,4273627,4273742,rrf,minus,,
NZ_CP097881.1,4273837,4276740,,minus,,
NZ_CP097881.1,4276934,4277009,,minus,,
NZ_CP097881.1,4277095,4278636,,minus,,
NZ_CP097881.1,4279253,4280842,purH,plus,,
NZ_CP097881.1,4280854,4282143,purD,plus,,
NZ_CP097881.1,4282140,4283465,zraR,minus,,
NZ_CP097881.1,4283462,4284859,zraS,minus,,
NZ_CP097881.1,4285097,4285522,zraP,plus,,
NZ_CP097881.1,4285524,4286219,yjaH,minus,,
NZ_CP097881.1,4286232,4286504,hupA,minus,,
NZ_CP097881.1,4286691,4287281,yjaG,minus,,
NZ_CP097881.1,4287324,4287995,nfi,minus,,
NZ_CP097881.1,4288005,4289069,hemE,minus,,
NZ_CP097881.1,4289109,4289882,nudC,minus,,
NZ_CP097881.1,4289977,4290453,rsd,plus,,
NZ_CP097881.1,4290686,4292581,thiC,plus,,
NZ_CP097881.1,4292581,4293216,thiE,plus,,
NZ_CP097881.1,4293209,4293964,thiF,plus,,
NZ_CP097881.1,4293948,4294148,thiS,plus,,
NZ_CP097881.1,4294150,4294920,thiG,plus,,
NZ_CP097881.1,4294917,4296050,thiH,plus,,
NZ_CP097881.1,4296460,4296999,yjaZ,minus,,
NZ_CP097881.1,4297212,4301435,rpoC,minus,,
NZ_CP097881.1,4301512,4305540,rpoB,minus,,
NZ_CP097881.1,4305860,4306225,rplL,minus,,
NZ_CP097881.1,4306292,4306789,rplJ,minus,,
NZ_CP097881.1,4307202,4307906,rplA,minus,,
NZ_CP097881.1,4307910,4308338,rplK,minus,,
NZ_CP097881.1,4308497,4309042,nusG,minus,,
NZ_CP097881.1,4309044,4309427,secE,minus,,
NZ_CP097881.1,4309657,4310841,tuf,minus,,
NZ_CP097881.1,4310956,4311031,,minus,,
NZ_CP097881.1,4311038,4311112,,minus,,
NZ_CP097881.1,4311229,4311313,,minus,,
NZ_CP097881.1,4311322,4311397,,minus,,
NZ_CP097881.1,4311759,4312709,coaA,plus,,
NZ_CP097881.1,4312738,4313703,birA,minus,,
NZ_CP097881.1,4313700,4314728,murB,minus,,
NZ_CP097881.1,4315031,4315146,rrf,minus,,
NZ_CP097881.1,4315241,4318144,,minus,,
NZ_CP097881.1,4318338,4318413,,minus,,
NZ_CP097881.1,4318585,4320126,,minus,,
NZ_CP097881.1,4320500,4321357,murI,minus,,
NZ_CP097881.1,4321302,4323146,btuB,minus,,
NZ_CP097881.1,4323515,4324615,trmA,plus,,
NZ_CP097881.1,4324655,4325014,yijD,minus,,
NZ_CP097881.1,4325014,4325664,fabR,minus,,
NZ_CP097881.1,4325995,4327395,sthA,plus,,
NZ_CP097881.1,4327378,4328295,oxyR,minus,,
NZ_CP097881.1,4328562,4329935,argH,minus,,
NZ_CP097881.1,4329996,4330772,argB,minus,,
NZ_CP097881.1,4330780,4331784,argC,minus,,
NZ_CP097881.1,4331938,4333089,argE,plus,,
NZ_CP097881.1,4333687,4336338,ppc,plus,,
NZ_CP097881.1,4336520,4338253,eptC,plus,,
NZ_CP097881.1,4338468,4339319,yijO,plus,,
NZ_CP097881.1,4339306,4339647,frwD,minus,,
NZ_CP097881.1,4339649,4340527,pflC,minus,,
NZ_CP097881.1,4340493,4342790,pflD,minus,,
NZ_CP097881.1,4342841,4343161,frwB,minus,,
NZ_CP097881.1,4343176,4344255,frwC,minus,,
NZ_CP097881.1,4344564,4347065,ptsP,plus,,
NZ_CP097881.1,4347077,4347739,fsa,plus,,
NZ_CP097881.1,4347750,4348853,gldA,plus,,
NZ_CP097881.1,4349128,4349745,yijF,plus,,
NZ_CP097881.1,4349772,4350677,yijE,minus,,
NZ_CP097881.1,4350770,4352950,katG,minus,,
NZ_CP097881.1,4353279,4354169,metF,minus,,
NZ_CP097881.1,4354245,4354379,,plus,,
NZ_CP097881.1,4354518,4356950,metL,minus,,
NZ_CP097881.1,4356953,4358113,metB,minus,,
NZ_CP097881.1,4358390,4358707,metJ,plus,,
NZ_CP097881.1,4358891,4359499,yiiX,plus,,
NZ_CP097881.1,4359560,4359772,rpmE,minus,,
NZ_CP097881.1,4359975,4362173,priA,plus,,
NZ_CP097881.1,4362329,4363354,cytR,plus,,
NZ_CP097881.1,4363446,4364405,ftsN,plus,,
NZ_CP097881.1,4364498,4365028,hslV,plus,,
NZ_CP097881.1,4365038,4366369,hslU,plus,,
NZ_CP097881.1,4366436,4367362,menA,plus,,
NZ_CP097881.1,4367455,4367940,rraA,plus,,
NZ_CP097881.1,4368025,4368270,zapB,minus,,
NZ_CP097881.1,4368695,4369540,glpF,plus,,
NZ_CP097881.1,4369563,4371071,glpK,plus,,
NZ_CP097881.1,4371206,4372216,glpX,plus,,
NZ_CP097881.1,4372313,4373059,fpr,plus,,
NZ_CP097881.1,4373064,4373492,uspD,minus,,
NZ_CP097881.1,4373519,4373818,yiiS,minus,,
NZ_CP097881.1,4374030,4374470,yiiR,minus,,
NZ_CP097881.1,4374571,4375170,yiiQ,plus,,
NZ_CP097881.1,4375278,4376045,tpiA,plus,,
NZ_CP097881.1,4376100,4376855,cdh,minus,,
NZ_CP097881.1,4376962,4377951,sbp,minus,,
NZ_CP097881.1,4378271,4379233,pfkA,minus,,
NZ_CP097881.1,4379414,4380316,fieF,minus,,
NZ_CP097881.1,4380465,4380965,cpxP,minus,,
NZ_CP097881.1,4381115,4381813,cpxR,plus,,
NZ_CP097881.1,4381810,4383183,cpxA,plus,,
NZ_CP097881.1,4383289,4383963,yiiM,minus,,
NZ_CP097881.1,4384112,4385095,kdgT,minus,,
NZ_CP097881.1,4385355,4385975,sodA,minus,,
NZ_CP097881.1,4386260,4387294,rhaT,plus,,
NZ_CP097881.1,4387291,4388139,rhaR,minus,,
NZ_CP097881.1,4388213,4389049,rhaS,minus,,
NZ_CP097881.1,4389337,4390806,rhaB,plus,,
NZ_CP097881.1,4390803,4392062,rhaA,plus,,
NZ_CP097881.1,4392513,4393337,rhaD,plus,,
NZ_CP097881.1,4393347,4393661,rhaM,plus,,
NZ_CP097881.1,4393962,4394408,frvA,plus,,
NZ_CP097881.1,4394419,4395870,frvB,plus,,
NZ_CP097881.1,4395860,4396930,frvX,plus,,
NZ_CP097881.1,4396930,4398678,frvR,plus,,
NZ_CP097881.1,4398728,4399783,yiiG,minus,,
NZ_CP097881.1,4399936,4400769,fdhD,minus,,
NZ_CP097881.1,4400963,4404013,fdnG,plus,,
NZ_CP097881.1,4404026,4404928,fdoH,plus,,
NZ_CP097881.1,4404925,4405560,fdoI,plus,,
NZ_CP097881.1,4405557,4406486,fdhE,plus,,
NZ_CP097881.1,4406816,4407058,yiiF,minus,,
NZ_CP097881.1,4407276,4407494,yiiE,minus,,
NZ_CP097881.1,4407871,4407987,,minus,,
NZ_CP097881.1,4408347,4409288,fabY,minus,,
NZ_CP097881.1,4409333,4409770,dtd,minus,,
NZ_CP097881.1,4409767,4410639,yihY,minus,,
NZ_CP097881.1,4410633,4411232,yihX,minus,,
NZ_CP097881.1,4411331,4412116,csqR,minus,,
NZ_CP097881.1,4412150,4413046,yihV,minus,,
NZ_CP097881.1,4413214,4414110,yihU,plus,,
NZ_CP097881.1,4414134,4415012,yihT,plus,,
NZ_CP097881.1,4415029,4416270,yihS,plus,,
NZ_CP097881.1,4416408,4417310,yihR,plus,,
NZ_CP097881.1,4417509,4419545,yihQ,plus,,
NZ_CP097881.1,4419591,4420976,yihP,plus,,
NZ_CP097881.1,4421019,4422422,yihO,plus,,
NZ_CP097881.1,4422490,4423182,ompL,plus,,
NZ_CP097881.1,4423273,4424538,yihN,minus,,
NZ_CP097881.1,4424640,4425620,yihM,minus,,
NZ_CP097881.1,4425628,4426338,yihL,minus,,
NZ_CP097881.1,4426555,4428378,typA,minus,,
NZ_CP097881.1,4428751,4430160,glnA,plus,,
NZ_CP097881.1,4430446,4431495,glnL,plus,,
NZ_CP097881.1,4431507,4432916,glnG,plus,,
NZ_CP097881.1,4433028,4433138,yshB,plus,,
NZ_CP097881.1,4433367,4434740,hemN,minus,,
NZ_CP097881.1,4434929,4435438,yihI,minus,,
NZ_CP097881.1,4435557,4435723,,minus,,
NZ_CP097881.1,4436020,4436652,yihA,plus,,
NZ_CP097881.1,4437033,4439819,polA,minus,,
NZ_CP097881.1,4440183,4441115,yihG,plus,,
NZ_CP097881.1,4441156,4442586,yihF,minus,,
NZ_CP097881.1,4442741,4443367,dsbA,minus,,
NZ_CP097881.1,4443384,4444370,srkA,minus,,
NZ_CP097881.1,4444447,4444716,yihD,minus,,
NZ_CP097881.1,4444786,4445370,mobA,plus,,
NZ_CP097881.1,4445352,4445879,mobB,plus,,
NZ_CP097881.1,4446151,4446266,rrf,minus,,
NZ_CP097881.1,4446361,4449264,,minus,,
NZ_CP097881.1,4449448,4449523,,minus,,
NZ_CP097881.1,4449566,4449642,,minus,,
NZ_CP097881.1,4449711,4451252,,minus,,
NZ_CP097881.1,4451630,4452175,hemG,minus,,
NZ_CP097881.1,4452187,4453638,trkH,minus,,
NZ_CP097881.1,4453677,4454291,yigZ,minus,,
NZ_CP097881.1,4454291,4455622,pepQ,minus,,
NZ_CP097881.1,4455812,4458001,fadB,plus,,
NZ_CP097881.1,4458011,4459174,fadA,plus,,
NZ_CP097881.1,4459555,4460256,fre,minus,,
NZ_CP097881.1,4460302,4461795,ubiD,minus,,
NZ_CP097881.1,4461962,4462450,rfaH,plus,,
NZ_CP097881.1,4462447,4463229,tatD,minus,,
NZ_CP097881.1,4463271,4464047,tatC,minus,,
NZ_CP097881.1,4464050,4464565,tatB,minus,,
NZ_CP097881.1,4464569,4464838,tatA,minus,,
NZ_CP097881.1,4464917,4466557,ubiB,minus,,
NZ_CP097881.1,4466554,4467159,ubiJ,minus,,
NZ_CP097881.1,4467173,4467928,ubiE,minus,,
NZ_CP097881.1,4468023,4469450,rmuC,minus,,
NZ_CP097881.1,4469591,4470352,udp,minus,,
NZ_CP097881.1,4470614,4471429,ysgA,plus,,
NZ_CP097881.1,4471469,4473730,metE,minus,,
NZ_CP097881.1,4473967,4474920,metR,plus,,
NZ_CP097881.1,4474808,4475707,bioP,minus,,
NZ_CP097881.1,4475783,4476583,yigL,minus,,
NZ_CP097881.1,4476591,4477613,pldB,minus,,
NZ_CP097881.1,4477724,4478344,rhtB,plus,,
NZ_CP097881.1,4478406,4479026,rhtC,minus,,
NZ_CP097881.1,4479090,4480919,recQ,minus,,
NZ_CP097881.1,4481052,4481921,pldA,minus,,
NZ_CP097881.1,4482086,4482553,yigI,plus,,
NZ_CP097881.1,4482605,4483495,rarD,plus,,
NZ_CP097881.1,4483590,4483970,yigG,plus,,
NZ_CP097881.1,4483984,4484364,yigF,plus,,
NZ_CP097881.1,4484407,4485357,corA,minus,,
NZ_CP097881.1,4485509,4485565,ysgD,minus,,
NZ_CP097881.1,4485727,4486491,yigE,plus,,
NZ_CP097881.1,4486638,4488800,uvrD,minus,,
NZ_CP097881.1,4488884,4489600,yigB,minus,,
NZ_CP097881.1,4489600,4490496,xerC,minus,,
NZ_CP097881.1,4490493,4491200,yigA,minus,,
NZ_CP097881.1,4491197,4492021,dapF,minus,,
NZ_CP097881.1,4492058,4492261,lptM,minus,,
NZ_CP097881.1,4492420,4492598,,plus,,
NZ_CP097881.1,4492724,4493044,cyaY,plus,,
NZ_CP097881.1,4493084,4495630,cyaA,minus,,
NZ_CP097881.1,4496017,4496958,hemC,plus,,
NZ_CP097881.1,4496955,4497695,hemD,plus,,
NZ_CP097881.1,4497717,4498898,hemX,plus,,
NZ_CP097881.1,4498901,4500097,hemY,plus,,
NZ_CP097881.1,4500776,4502431,aslA,plus,,
NZ_CP097881.1,4502590,4503825,aslB,minus,,
NZ_CP097881.1,4503972,4504048,,minus,,
NZ_CP097881.1,4504091,4504177,,minus,,
NZ_CP097881.1,4504198,4504273,,minus,,
NZ_CP097881.1,4504332,4504408,,minus,,
NZ_CP097881.1,4504511,4505896,thrP,minus,,
NZ_CP097881.1,4506087,4506827,wecG,minus,,
NZ_CP097881.1,4506830,4508182,wzyE,minus,,
NZ_CP097881.1,4508179,4509258,rffT,minus,,
NZ_CP097881.1,4509255,4510505,wzxE,minus,,
NZ_CP097881.1,4510507,4511637,rffA,minus,,
NZ_CP097881.1,4511642,4512316,rffC,minus,,
NZ_CP097881.1,4512294,4513175,rfbA,minus,,
NZ_CP097881.1,4513194,4514261,rffG,minus,,
NZ_CP097881.1,4514261,4515523,wecC,minus,,
NZ_CP097881.1,4515520,4516650,wecB,minus,,
NZ_CP097881.1,4516706,4517752,wzzE,minus,,
NZ_CP097881.1,4517764,4518867,wecA,minus,,
NZ_CP097881.1,4519107,4520366,rho,minus,,
NZ_CP097881.1,4520451,4520552,rhoL,minus,,
NZ_CP097881.1,4520693,4521022,trxA,minus,,
NZ_CP097881.1,4521153,4522418,rhlB,plus,,
NZ_CP097881.1,4522554,4524038,gppA,plus,,
NZ_CP097881.1,4524085,4526106,rep,minus,,
NZ_CP097881.1,4526323,4526771,,plus,,
NZ_CP097881.1,4526970,4527251,ppiC,plus,,
NZ_CP097881.1,4527338,4528813,ilvC,minus,,
NZ_CP097881.1,4528963,4529856,ilvY,plus,,
NZ_CP097881.1,4529908,4531452,ilvA,minus,,
NZ_CP097881.1,4531455,4533305,ilvD,minus,,
NZ_CP097881.1,4533370,4534299,ilvE,minus,,
NZ_CP097881.1,4534319,4534582,ilvM,minus,,
NZ_CP097881.1,4534579,4536223,ilvG,minus,,
NZ_CP097881.1,4536226,4536276,ilvX,minus,,
NZ_CP097881.1,4536363,4536461,ilvL,minus,,
NZ_CP097881.1,4536814,4538334,yifB,plus,,
NZ_CP097881.1,4538359,4538697,maoP,minus,,
NZ_CP097881.1,4538816,4539655,hdfR,plus,,
NZ_CP097881.1,4539751,4539826,,minus,,
NZ_CP097881.1,4539835,4539911,,minus,,
NZ_CP097881.1,4539966,4540081,rrf,minus,,
NZ_CP097881.1,4540176,4543079,,minus,,
NZ_CP097881.1,4543273,4543348,,minus,,
NZ_CP097881.1,4543434,4544975,,minus,,
NZ_CP097881.1,4545456,4546148,yieP,plus,,
NZ_CP097881.1,4546171,4547598,mdtD,plus,,
NZ_CP097881.1,4547564,4547800,,minus,,
NZ_CP097881.1,4547892,4549120,,plus,,
NZ_CP097881.1,4549131,4549892,rbsR,minus,,
NZ_CP097881.1,4549896,4550825,rbsK,minus,,
NZ_CP097881.1,4550951,4551841,rbsB,minus,,
NZ_CP097881.1,4551866,4552831,rbsC,minus,,
NZ_CP097881.1,4552836,4554341,rbsA,minus,,
NZ_CP097881.1,4554349,4554768,rbsD,minus,,
NZ_CP097881.1,4554935,4556803,kup,minus,,
NZ_CP097881.1,4557026,4558522,ravA,plus,,
NZ_CP097881.1,4558516,4559967,viaA,plus,,
NZ_CP097881.1,4559972,4560964,asnA,minus,,
NZ_CP097881.1,4561116,4561574,asnC,plus,,
NZ_CP097881.1,4561664,4562107,mioC,plus,,
NZ_CP097881.1,4562486,4564375,mnmG,plus,,
NZ_CP097881.1,4564439,4565062,rsmG,plus,,
NZ_CP097881.1,4565679,4566059,atpI,plus,,
NZ_CP097881.1,4566068,4566883,atpB,plus,,
NZ_CP097881.1,4566930,4567169,atpE,plus,,
NZ_CP097881.1,4567231,4567701,atpF,plus,,
NZ_CP097881.1,4567716,4568249,atpH,plus,,
NZ_CP097881.1,4568262,4569803,atpA,plus,,
NZ_CP097881.1,4569854,4570717,atpG,plus,,
NZ_CP097881.1,4570744,4572126,atpD,plus,,
NZ_CP097881.1,4572147,4572566,atpC,plus,,
NZ_CP097881.1,4572919,4574289,glmU,plus,,
NZ_CP097881.1,4574451,4576280,glmS,plus,,
NZ_CP097881.1,4576582,4576662,,minus,,
NZ_CP097881.1,4577039,4577833,,minus,,
NZ_CP097881.1,4577862,4578161,,minus,,
NZ_CP097881.1,4578359,4578517,,minus,,
NZ_CP097881.1,4578640,4579722,lacI,minus,,
NZ_CP097881.1,4580084,4580767,,plus,,
NZ_CP097881.1,4580830,4580945,rrf,minus,,
NZ_CP097881.1,4581430,4582470,pstS,plus,,
NZ_CP097881.1,4582557,4583516,pstC,plus,,
NZ_CP097881.1,4583516,4584406,pstA,plus,,
NZ_CP097881.1,4584589,4585362,pstB,plus,,
NZ_CP097881.1,4585377,4586102,phoU,plus,,
NZ_CP097881.1,4586388,4587224,bglG,plus,,
NZ_CP097881.1,4587358,4589235,bglF,plus,,
NZ_CP097881.1,4589254,4590666,bglB,plus,,
NZ_CP097881.1,4590735,4592351,bglH,plus,,
NZ_CP097881.1,4592378,4593547,yieL,plus,,
NZ_CP097881.1,4593562,4594284,yieK,plus,,
NZ_CP097881.1,4594346,4594933,cbrC,minus,,
NZ_CP097881.1,4594982,4595449,cbrB,minus,,
NZ_CP097881.1,4595516,4596181,yieH,minus,,
NZ_CP097881.1,4596346,4597683,adeP,plus,,
NZ_CP097881.1,4597737,4598303,yieF,minus,,
NZ_CP097881.1,4598325,4599074,yieE,minus,,
NZ_CP097881.1,4599231,4600190,yidZ,minus,,
NZ_CP097881.1,4600165,4601340,mdtL,minus,,
NZ_CP097881.1,4601472,4602719,tnaB,minus,,
NZ_CP097881.1,4602810,4604225,tnaA,minus,,
NZ_CP097881.1,4604446,4604520,tnaC,minus,,
NZ_CP097881.1,4604763,4606127,mnmE,minus,,
NZ_CP097881.1,4606233,4607879,yidC,minus,,
NZ_CP097881.1,4607882,4608139,yidD,minus,,
NZ_CP097881.1,4608103,4608462,rnpA,minus,,
NZ_CP097881.1,4608479,4608619,rpmH,minus,,
NZ_CP097881.1,4608849,4608929,,minus,,
